id,filename,package_path,size_bytes,sha256,zip_valid,encrypted_path,encrypted_size_bytes,encrypted_sha256,encryption
empresa1_demanda,Dados de Demanda(3).xlsx,references/raw_sources/Dados de Demanda(3).xlsx.enc.json,4632746,df6c3c49f83f54366f9b6148218d402d91ea6658e99d268b9b973b38e31e71f4,,references/raw_sources/Dados de Demanda(3).xlsx.enc.json,6177224,c9a53b7e4cbeefb594466b8d69a04cf578e4e540487b78541a433dd7ad94e497,AES-GCM/PBKDF2-SHA-256
empresa1_distancias,Dados de Distância(3).xlsx,references/raw_sources/Dados de Distância(3).xlsx.enc.json,47817,dbc50759ff41970f042a4d30c7889399c230606fa6c43b1b569e8f20a2438ad8,,references/raw_sources/Dados de Distância(3).xlsx.enc.json,63991,2c4edbdaf3b34a4cb514cdd0f689dcf13b3ace53eca96c7b41f2e0359a9b03ff,AES-GCM/PBKDF2-SHA-256
empresa1_premissas,Premissas Gerais(4).xlsx,references/raw_sources/Premissas Gerais(4).xlsx.enc.json,8723,5123df4cb2886d718c4e05b2a30183177ca6c24edd7c642a5472db4b6b7a74a7,,references/raw_sources/Premissas Gerais(4).xlsx.enc.json,11860,54fab70a70dbd1def3a7efe86c2fd23ae2b4fc2d58f32a75775696574462552b,AES-GCM/PBKDF2-SHA-256
empresa2_malha,Analise_Malha_Empresa2(1).xlsx,references/raw_sources/Analise_Malha_Empresa2(1).xlsx.enc.json,5106541,95ecd04ed818ae0e25ea99ad28785c3f033ba1678d00cc55c1ff12e221b1709f,,references/raw_sources/Analise_Malha_Empresa2(1).xlsx.enc.json,6808958,94efd01b6d08e43a70f86acf99c6156b97ee3c54b6083b8c725c3202fd520db0,AES-GCM/PBKDF2-SHA-256
empresa2_malha_vcaracol_referencia,Análise Malha Logística - vCaracol(3).xlsx,references/raw_sources/Análise Malha Logística - vCaracol(3).xlsx.enc.json,5106541,95ecd04ed818ae0e25ea99ad28785c3f033ba1678d00cc55c1ff12e221b1709f,,references/raw_sources/Análise Malha Logística - vCaracol(3).xlsx.enc.json,6808972,c3027c20cad399ca74867f0c0e65fe5e70521ad7e4eda1e36329c4a3c1eeb5ab,AES-GCM/PBKDF2-SHA-256
icms_216,icms_216_linhas.csv,references/raw_sources/icms_216_linhas.csv.enc.json,23689,03ea1c20709fc98e7ba3329f5a88c774fe24e44207676eb274910be486dcbbd4,,references/raw_sources/icms_216_linhas.csv.enc.json,31811,65c34d463f61c7fe77ff60eb755e5ddb8f9438bf2f647774814733210d9c933e,AES-GCM/PBKDF2-SHA-256
capstone_pdf,PUC-Rio EP Capstone - Desafio Visagio Malha Logística com RefTrib(1).pdf,references/raw_sources/PUC-Rio EP Capstone - Desafio Visagio Malha Logística com RefTrib(1).pdf.enc.json,3921250,b2dff5359b68733764ed3f67efc2e0ff011e60c95922c23c350ede71aeb8b1c1,,references/raw_sources/PUC-Rio EP Capstone - Desafio Visagio Malha Logística com RefTrib(1).pdf.enc.json,5228613,14245aa2dfa14bdef0f92c2569850f052979010b173d872e998abe054e27159a,AES-GCM/PBKDF2-SHA-256
icms_resumo_pdf,me ajuda com uma dúvida resumo do ICMS atual brasi.pdf,references/raw_sources/me ajuda com uma dúvida resumo do ICMS atual brasi.pdf.enc.json,537186,332efd6be0e6a5a15eea75e3693884a9a89100b69a1c5b38d98023ada0606aac,,references/raw_sources/me ajuda com uma dúvida resumo do ICMS atual brasi.pdf.enc.json,716511,383e19c1253bd1d45a0d15271c73a43c36128f741dc2759db5e005c0296aa8f8,AES-GCM/PBKDF2-SHA-256
mapa_analise,mapa_analise_exploratoria.md,references/raw_sources/mapa_analise_exploratoria.md.enc.json,7982,2281342e1b23925e53ceae87861cdc6c4edc6e5886f4ebe77e3a308a58b25f80,,references/raw_sources/mapa_analise_exploratoria.md.enc.json,10876,d9ccdd1a54e263e88a9a876cce3a02d8760cf16f058da6c847f3a736c24f2206,AES-GCM/PBKDF2-SHA-256
notas_reuniao,notas_reuniao.md,references/raw_sources/notas_reuniao.md.enc.json,1079,7207f72e7e3ce0ce3dfb663eeabc086869eba6405f888d2cd24e7977a72c19f3,,references/raw_sources/notas_reuniao.md.enc.json,1660,c794fc2b25df4082aeebcfef52e1e857c03f01c125f5db82016975e25614de92,AES-GCM/PBKDF2-SHA-256
observacoes,observacoes.md,references/raw_sources/observacoes.md.enc.json,752,ce1ab05b05cb57a1809c7e1c6e4410a26ae49f0474dc0fa4f48ec8d9221d0aa1,,references/raw_sources/observacoes.md.enc.json,1222,d508767ed8d1f5d89f61cad0c4aa6d14201a445599f7f5a3817e71dd0f2c5e9e,AES-GCM/PBKDF2-SHA-256
deepresearch_visagiana,DeepResearch Visagiana.pdf,references/raw_sources/DeepResearch Visagiana.pdf.enc.json,125753,355b2a98d11b123bc71a6a872e8f0a3cad4bf89a116b18174a8af097d393ac45,,references/raw_sources/DeepResearch Visagiana.pdf.enc.json,167902,3a350ba5ca0c720fbc1cd8a89b98bfed0e2421415d2c4d577882ce582be73ba6,AES-GCM/PBKDF2-SHA-256
perpl_v1,perpl deep research estrutura trubutaria_empresa de (shampoo e cremes de - v1.pdf,references/raw_sources/perpl deep research estrutura trubutaria_empresa de (shampoo e cremes de - v1.pdf.enc.json,947082,d4b0e8c6b51dd8646c438efaa5478465126ba114f75f2a60147f7b38360df06a,,references/raw_sources/perpl deep research estrutura trubutaria_empresa de (shampoo e cremes de - v1.pdf.enc.json,1263065,b0c07a1d90f5646c9035686fb6c41b2293e30c263f454a795f52e11f33cd332c,AES-GCM/PBKDF2-SHA-256
perpl_v2_compete,perpl deep research estrutura trubutaria_empresa de (shampoo e cremes  - v2 COMPETE.pdf,references/raw_sources/perpl deep research estrutura trubutaria_empresa de (shampoo e cremes  - v2 COMPETE.pdf.enc.json,727100,4a0008898de605b0a16c5d8593afa85b589740f87a05d6b42eaf07f0b0d98744,,references/raw_sources/perpl deep research estrutura trubutaria_empresa de (shampoo e cremes  - v2 COMPETE.pdf.enc.json,969759,c65896c4195c010a9cb65280719475c176905c92c0bf2453909985767da7a748,AES-GCM/PBKDF2-SHA-256
perpl_v3_sem_efeito,perpl deep research estrutura trubutaria_empresa de (shampoo e cremes  - v3 SEM EFEITO TRIBUTARIO.pdf,references/raw_sources/perpl deep research estrutura trubutaria_empresa de (shampoo e cremes  - v3 SEM EFEITO TRIBUTARIO.pdf.enc.json,723218,14b517ac99a3f3797612582156d55064c9136ee7a2434c2b40299b48e4fceeb8,,references/raw_sources/perpl deep research estrutura trubutaria_empresa de (shampoo e cremes  - v3 SEM EFEITO TRIBUTARIO.pdf.enc.json,964597,430f13060950d38daa76f83a3dbaf03fd9f17ffb041405066242e11aa18fefec,AES-GCM/PBKDF2-SHA-256
refs_visagio_pptx,202509_RefsVisagio_Apoio Malha Log com efeito tributário.pptx,references/raw_sources/202509_RefsVisagio_Apoio Malha Log com efeito tributário.pptx.enc.json,44316082,c90266741133111ec663a6f44d4d9537bfdc322e0b6d7a908f84f730d0fbaca0,,references/raw_sources/202509_RefsVisagio_Apoio Malha Log com efeito tributário.pptx.enc.json,59088378,5ddceffca93d19dc576d61914f1349c84cd5c7053aa6b516b032751f47f7454f,AES-GCM/PBKDF2-SHA-256
icms_resumo_zip,ICMS Resumo.zip,references/raw_sources/ICMS Resumo.zip.enc.json,326297,bc5c96c2eeab6b22c24b50f6a89ab6b78afeba7cd7f1d08035f18eb12bfb2ddf,True,references/raw_sources/ICMS Resumo.zip.enc.json,435283,71f5edba9a776df00f9b18a860339c5a963193192e13d0e03865782582be4082,AES-GCM/PBKDF2-SHA-256
tributario_genais_zip,Tributário e GenAIs.zip,references/raw_sources/Tributário e GenAIs.zip.enc.json,1493728,1697410129a45c0c1dc6edd761b23fc1f5a04f3a590126301a28d9ab9ab578bf,True,references/raw_sources/Tributário e GenAIs.zip.enc.json,1991868,5b52e6640e2f384ca92c5db3bfba7b08d2162a641fcd7cd55b2592e1339c0ecb,AES-GCM/PBKDF2-SHA-256
