unnamed_0,unnamed_1,unnamed_2,unnamed_3,unnamed_4,unnamed_5,unnamed_6,unnamed_7,unnamed_8,unnamed_9,unnamed_10,unnamed_11,unnamed_12,unnamed_13,unnamed_14,unnamed_15,unnamed_16,unnamed_17,unnamed_18,unnamed_19,unnamed_20,unnamed_21,unnamed_22,unnamed_23,unnamed_24,unnamed_25,unnamed_26,unnamed_27,unnamed_28,unnamed_29,unnamed_30,unnamed_31,unnamed_32,unnamed_33,unnamed_34,unnamed_35,unnamed_36,unnamed_37,unnamed_38,unnamed_39
Classes,,,,,,,Decomposição - Valores,,,,,,,Decomposição - Alíquotas,,,,,,,,Recomposição - Alíquotas,,,,,,,Recomposição - Valores,,,,,,,,,Análise Roteamento,
# Cenário,Categoria NCM,Tipo Emissão,UF Origem,Filial Origem,UF Destino,Vlr. Total SD2,Vlr ST Ext - Original,Vlr ST - Original,Vlr PIS - Original,Vlr COFINS - Original,Vlr IPI - Original,Vlr ICMS - Original,Vlr FCP - Original,Alq ST Ext - Original,Alq ST - Original,Alq PIS - Original,Alq COFINS - Original,Alq IPI - Original,Alq ICMS - Original,Alq FCP - Original,Receita Líquida,Alq ST Ext - Cenário,Alq FCP - Cenário,Alq ICMS - Cenário,Alq IPI - Cenário,Alq COFINS - Cenário,Alq PIS - Cenário,Alq ST - Cenário,Vlr ST Ext - Cenário,Vlr FCP - Cenário,Vlr ICMS - Cenário,Vlr IPI - Cenário,Vlr COFINS - Cenário,Vlr PIS - Cenário,Vlr ST - Cenário,Efeitos Débitos,Efeitos Créditos,Alq ICMS Efetiva,Alq Outros Efetiva
Cenário 1,Shampoo,Saída,MG,2004,BA,0,0,0,0,0,0,0,0,0,0,0,0,0,0,0,0,0,0,0,0,0,0,0,0,0,0,0,0,0,0,0,0,0,0
Cenário 1,Shampoo,Saída,MG,2004,DF,0,0,0,0,0,0,0,0,0,0,0,0,0,0,0,0,0,0,0,0,0,0,0,0,0,0,0,0,0,0,0,0,0,0
Cenário 1,Shampoo,Saída,MG,2004,GO,0,0,0,0,0,0,0,0,0,0,0,0,0,0,0,0,0,0,0,0,0,0,0,0,0,0,0,0,0,0,0,0,0,0
Cenário 1,Shampoo,Saída,MG,2004,CE,0,0,0,0,0,0,0,0,0,0,0,0,0,0,0,0,0,0,0,0,0,0,0,0,0,0,0,0,0,0,0,0,0,0
Cenário 1,Shampoo,Saída,MG,2004,MS,0,0,0,0,0,0,0,0,0,0,0,0,0,0,0,0,0,0,0,0,0,0,0,0,0,0,0,0,0,0,0,0,0,0
Cenário 1,Shampoo,Saída,MG,2004,ES,0,0,0,0,0,0,0,0,0,0,0,0,0,0,0,0,0,0,0,0,0,0,0,0,0,0,0,0,0,0,0,0,0,0
Cenário 1,Shampoo,Saída,MG,2004,PE,0,0,0,0,0,0,0,0,0,0,0,0,0,0,0,0,0,0,0,0,0,0,0,0,0,0,0,0,0,0,0,0,0,0
Cenário 1,Shampoo,Saída,MG,2004,PR,0,0,0,0,0,0,0,0,0,0,0,0,0,0,0,0,0,0,0,0,0,0,0,0,0,0,0,0,0,0,0,0,0,0
Cenário 1,Shampoo,Saída,MG,2004,RN,0,0,0,0,0,0,0,0,0,0,0,0,0,0,0,0,0,0,0,0,0,0,0,0,0,0,0,0,0,0,0,0,0,0
Cenário 1,Shampoo,Saída,MG,2004,SC,0,0,0,0,0,0,0,0,0,0,0,0,0,0,0,0,0,0,0,0,0,0,0,0,0,0,0,0,0,0,0,0,0,0
Cenário 1,Shampoo,Saída,MG,2004,MG,12738303.02999964,0,0,210181.99999499405,968111.0302799726,0,0,0,0,0,0.0165,0.076,0,0,0,11560009.999724673,0,0,0,0,0.076,0.0165,0,0,0,0,0,968111.0302799726,210181.99999499405,0,1178293.0302749667,0,0,0.0925
Cenário 1,Shampoo,Saída,MG,2004,RR,0,0,0,0,0,0,0,0,0,0,0,0,0,0,0,0,0,0,0,0,0,0,0,0,0,0,0,0,0,0,0,0,0,0
Cenário 1,Shampoo,Saída,MG,2004,PB,0,0,0,0,0,0,0,0,0,0,0,0,0,0,0,0,0,0,0,0,0,0,0,0,0,0,0,0,0,0,0,0,0,0
Cenário 1,Shampoo,Saída,MG,2004,PA,0,0,0,0,0,0,0,0,0,0,0,0,0,0,0,0,0,0,0,0,0,0,0,0,0,0,0,0,0,0,0,0,0,0
Cenário 1,Shampoo,Saída,MG,2004,SP,0,0,0,0,0,0,0,0,0,0,0,0,0,0,0,0,0,0,0,0,0,0,0,0,0,0,0,0,0,0,0,0,0,0
Cenário 1,Shampoo,Saída,MG,2004,MA,0,0,0,0,0,0,0,0,0,0,0,0,0,0,0,0,0,0,0,0,0,0,0,0,0,0,0,0,0,0,0,0,0,0
Cenário 1,Shampoo,Saída,MG,2004,RS,0,0,0,0,0,0,0,0,0,0,0,0,0,0,0,0,0,0,0,0,0,0,0,0,0,0,0,0,0,0,0,0,0,0
Cenário 1,Shampoo,Saída,MG,2004,MT,0,0,0,0,0,0,0,0,0,0,0,0,0,0,0,0,0,0,0,0,0,0,0,0,0,0,0,0,0,0,0,0,0,0
Cenário 1,Shampoo,Saída,MG,2004,RO,0,0,0,0,0,0,0,0,0,0,0,0,0,0,0,0,0,0,0,0,0,0,0,0,0,0,0,0,0,0,0,0,0,0
Cenário 1,Shampoo,Saída,MG,2004,RJ,0,0,0,0,0,0,0,0,0,0,0,0,0,0,0,0,0,0,0,0,0,0,0,0,0,0,0,0,0,0,0,0,0,0
Cenário 1,Shampoo,Saída,MG,2004,PI,0,0,0,0,0,0,0,0,0,0,0,0,0,0,0,0,0,0,0,0,0,0,0,0,0,0,0,0,0,0,0,0,0,0
Cenário 1,Shampoo,Saída,MG,2004,SE,0,0,0,0,0,0,0,0,0,0,0,0,0,0,0,0,0,0,0,0,0,0,0,0,0,0,0,0,0,0,0,0,0,0
Cenário 1,Não Shampoo,Saída,MG,2004,AL,0,0,0,0,0,0,0,0,0,0,0,0,0,0,0,0,0,0,0,0,0,0,0,0,0,0,0,0,0,0,0,0,0,0
Cenário 1,Não Shampoo,Saída,MG,2004,AP,0,0,0,0,0,0,0,0,0,0,0,0,0,0,0,0,0,0,0,0,0,0,0,0,0,0,0,0,0,0,0,0,0,0
Cenário 1,Não Shampoo,Saída,MG,2004,CE,0,0,0,0,0,0,0,0,0,0,0,0,0,0,0,0,0,0,0,0,0,0,0,0,0,0,0,0,0,0,0,0,0,0
Cenário 1,Não Shampoo,Saída,MG,2004,ES,0,0,0,0,0,0,0,0,0,0,0,0,0,0,0,0,0,0,0,0,0,0,0,0,0,0,0,0,0,0,0,0,0,0
Cenário 1,Não Shampoo,Saída,MG,2004,MA,0,0,0,0,0,0,0,0,0,0,0,0,0,0,0,0,0,0,0,0,0,0,0,0,0,0,0,0,0,0,0,0,0,0
Cenário 1,Não Shampoo,Saída,MG,2004,AC,0,0,0,0,0,0,0,0,0,0,0,0,0,0,0,0,0,0,0,0,0,0,0,0,0,0,0,0,0,0,0,0,0,0
Cenário 1,Não Shampoo,Saída,MG,2004,AM,0,0,0,0,0,0,0,0,0,0,0,0,0,0,0,0,0,0,0,0,0,0,0,0,0,0,0,0,0,0,0,0,0,0
Cenário 1,Não Shampoo,Saída,MG,2004,GO,0,0,0,0,0,0,0,0,0,0,0,0,0,0,0,0,0,0,0,0,0,0,0,0,0,0,0,0,0,0,0,0,0,0
Cenário 1,Não Shampoo,Saída,MG,2004,BA,0,0,0,0,0,0,0,0,0,0,0,0,0,0,0,0,0,0,0,0,0,0,0,0,0,0,0,0,0,0,0,0,0,0
Cenário 1,Não Shampoo,Saída,MG,2004,MS,0,0,0,0,0,0,0,0,0,0,0,0,0,0,0,0,0,0,0,0,0,0,0,0,0,0,0,0,0,0,0,0,0,0
Cenário 1,Não Shampoo,Saída,MG,2004,MT,0,0,0,0,0,0,0,0,0,0,0,0,0,0,0,0,0,0,0,0,0,0,0,0,0,0,0,0,0,0,0,0,0,0
Cenário 1,Não Shampoo,Saída,MG,2004,DF,0,0,0,0,0,0,0,0,0,0,0,0,0,0,0,0,0,0,0,0,0,0,0,0,0,0,0,0,0,0,0,0,0,0
Cenário 1,Não Shampoo,Saída,MG,2004,PB,0,0,0,0,0,0,0,0,0,0,0,0,0,0,0,0,0,0,0,0,0,0,0,0,0,0,0,0,0,0,0,0,0,0
Cenário 1,Não Shampoo,Saída,MG,2004,PR,0,0,0,0,0,0,0,0,0,0,0,0,0,0,0,0,0,0,0,0,0,0,0,0,0,0,0,0,0,0,0,0,0,0
Cenário 1,Não Shampoo,Saída,MG,2004,RJ,0,0,0,0,0,0,0,0,0,0,0,0,0,0,0,0,0,0,0,0,0,0,0,0,0,0,0,0,0,0,0,0,0,0
Cenário 1,Não Shampoo,Saída,MG,2004,PE,0,0,0,0,0,0,0,0,0,0,0,0,0,0,0,0,0,0,0,0,0,0,0,0,0,0,0,0,0,0,0,0,0,0
Cenário 1,Não Shampoo,Saída,MG,2004,RO,0,0,0,0,0,0,0,0,0,0,0,0,0,0,0,0,0,0,0,0,0,0,0,0,0,0,0,0,0,0,0,0,0,0
Cenário 1,Não Shampoo,Saída,MG,2004,RR,0,0,0,0,0,0,0,0,0,0,0,0,0,0,0,0,0,0,0,0,0,0,0,0,0,0,0,0,0,0,0,0,0,0
Cenário 1,Não Shampoo,Saída,MG,2004,MG,1770210.470000015,0,0,0,0,0,0,0,0,0,0,0,0,0,0,1770210.470000015,0,0,0,0,0,0,0,0,0,0,0,0,0,0,0,0,0,0
Cenário 1,Não Shampoo,Saída,MG,2004,RS,0,0,0,0,0,0,0,0,0,0,0,0,0,0,0,0,0,0,0,0,0,0,0,0,0,0,0,0,0,0,0,0,0,0
Cenário 1,Não Shampoo,Saída,MG,2004,SE,0,0,0,0,0,0,0,0,0,0,0,0,0,0,0,0,0,0,0,0,0,0,0,0,0,0,0,0,0,0,0,0,0,0
Cenário 1,Não Shampoo,Saída,MG,2004,RN,0,0,0,0,0,0,0,0,0,0,0,0,0,0,0,0,0,0,0,0,0,0,0,0,0,0,0,0,0,0,0,0,0,0
Cenário 1,Não Shampoo,Saída,MG,2004,PI,0,0,0,0,0,0,0,0,0,0,0,0,0,0,0,0,0,0,0,0,0,0,0,0,0,0,0,0,0,0,0,0,0,0
Cenário 1,Não Shampoo,Saída,MG,2004,SP,0,0,0,0,0,0,0,0,0,0,0,0,0,0,0,0,0,0,0,0,0,0,0,0,0,0,0,0,0,0,0,0,0,0
Cenário 1,Shampoo,Saída,MG,2004,AC,0,0,0,0,0,0,0,0,0,0,0,0,0,0,0,0,0,0,0,0,0,0,0,0,0,0,0,0,0,0,0,0,0,0
Cenário 1,Shampoo,Saída,MG,2004,AL,0,0,0,0,0,0,0,0,0,0,0,0,0,0,0,0,0,0,0,0,0,0,0,0,0,0,0,0,0,0,0,0,0,0
Cenário 1,Shampoo,Saída,MG,2004,AM,0,0,0,0,0,0,0,0,0,0,0,0,0,0,0,0,0,0,0,0,0,0,0,0,0,0,0,0,0,0,0,0,0,0
Cenário 1,Shampoo,Saída,MG,2004,AP,0,0,0,0,0,0,0,0,0,0,0,0,0,0,0,0,0,0,0,0,0,0,0,0,0,0,0,0,0,0,0,0,0,0
Cenário 1,Não Shampoo,Saída,MG,2004,PA,0,0,0,0,0,0,0,0,0,0,0,0,0,0,0,0,0,0,0,0,0,0,0,0,0,0,0,0,0,0,0,0,0,0
Cenário 1,Não Shampoo,Saída,MG,2004,SC,0,0,0,0,0,0,0,0,0,0,0,0,0,0,0,0,0,0,0,0,0,0,0,0,0,0,0,0,0,0,0,0,0,0
Cenário 1,Shampoo,Saída,SP,2003,SP,58890840.999993354,0,0,999356.3397778687,4611476.917545942,0,0,0,0,0,0.01696963946869058,0.07830550284629935,0,0,0,53280007.742669545,0,0,0,0,0.07830550284629935,0.01696963946869058,0,0,0,0,0,4611476.917545942,999356.3397778687,0,5610833.257323811,0,0,0.09527514231498993
Cenário 1,Não Shampoo,Saída,SP,2003,SP,10700452.989999622,0,0,181253.151843903,836285.9350109794,0,0,0,0,0,0.016938829787234027,0.07815425531914878,0,0,0,9682913.90314474,0,0,0,0,0.07815425531914878,0.016938829787234027,0,0,0,0,0,836285.9350109794,181253.151843903,0,1017539.0868548824,0,0,0.09509308510638281
Cenário 1,Não Shampoo,Saída,SP,2003,AP,0,0,0,0,0,0,0,0,0,0,0,0,0,0,0,0,0,0,0,0,0,0,0,0,0,0,0,0,0,0,0,0,0,0
Cenário 1,Não Shampoo,Saída,SP,2003,AL,0,0,0,0,0,0,0,0,0,0,0,0,0,0,0,0,0,0,0,0,0,0,0,0,0,0,0,0,0,0,0,0,0,0
Cenário 1,Não Shampoo,Saída,SP,2003,CE,0,0,0,0,0,0,0,0,0,0,0,0,0,0,0,0,0,0,0,0,0,0,0,0,0,0,0,0,0,0,0,0,0,0
Cenário 1,Não Shampoo,Saída,SP,2003,GO,0,0,0,0,0,0,0,0,0,0,0,0,0,0,0,0,0,0,0,0,0,0,0,0,0,0,0,0,0,0,0,0,0,0
Cenário 1,Não Shampoo,Saída,SP,2003,MS,0,0,0,0,0,0,0,0,0,0,0,0,0,0,0,0,0,0,0,0,0,0,0,0,0,0,0,0,0,0,0,0,0,0
Cenário 1,Não Shampoo,Saída,SP,2003,PB,0,0,0,0,0,0,0,0,0,0,0,0,0,0,0,0,0,0,0,0,0,0,0,0,0,0,0,0,0,0,0,0,0,0
Cenário 1,Não Shampoo,Saída,SP,2003,PR,0,0,0,0,0,0,0,0,0,0,0,0,0,0,0,0,0,0,0,0,0,0,0,0,0,0,0,0,0,0,0,0,0,0
Cenário 1,Não Shampoo,Saída,SP,2003,PE,0,0,0,0,0,0,0,0,0,0,0,0,0,0,0,0,0,0,0,0,0,0,0,0,0,0,0,0,0,0,0,0,0,0
Cenário 1,Não Shampoo,Saída,SP,2003,RO,0,0,0,0,0,0,0,0,0,0,0,0,0,0,0,0,0,0,0,0,0,0,0,0,0,0,0,0,0,0,0,0,0,0
Cenário 1,Não Shampoo,Saída,SP,2003,RS,0,0,0,0,0,0,0,0,0,0,0,0,0,0,0,0,0,0,0,0,0,0,0,0,0,0,0,0,0,0,0,0,0,0
Cenário 1,Não Shampoo,Saída,SP,2003,AC,0,0,0,0,0,0,0,0,0,0,0,0,0,0,0,0,0,0,0,0,0,0,0,0,0,0,0,0,0,0,0,0,0,0
Cenário 1,Não Shampoo,Saída,SP,2003,SE,0,0,0,0,0,0,0,0,0,0,0,0,0,0,0,0,0,0,0,0,0,0,0,0,0,0,0,0,0,0,0,0,0,0
Cenário 1,Não Shampoo,Saída,SP,2003,AM,0,0,0,0,0,0,0,0,0,0,0,0,0,0,0,0,0,0,0,0,0,0,0,0,0,0,0,0,0,0,0,0,0,0
Cenário 1,Não Shampoo,Saída,SP,2003,BA,0,0,0,0,0,0,0,0,0,0,0,0,0,0,0,0,0,0,0,0,0,0,0,0,0,0,0,0,0,0,0,0,0,0
Cenário 1,Não Shampoo,Saída,SP,2003,DF,0,0,0,0,0,0,0,0,0,0,0,0,0,0,0,0,0,0,0,0,0,0,0,0,0,0,0,0,0,0,0,0,0,0
Cenário 1,Não Shampoo,Saída,SP,2003,PI,0,0,0,0,0,0,0,0,0,0,0,0,0,0,0,0,0,0,0,0,0,0,0,0,0,0,0,0,0,0,0,0,0,0
Cenário 1,Não Shampoo,Saída,SP,2003,MT,0,0,0,0,0,0,0,0,0,0,0,0,0,0,0,0,0,0,0,0,0,0,0,0,0,0,0,0,0,0,0,0,0,0
Cenário 1,Não Shampoo,Saída,SP,2003,MA,0,0,0,0,0,0,0,0,0,0,0,0,0,0,0,0,0,0,0,0,0,0,0,0,0,0,0,0,0,0,0,0,0,0
Cenário 1,Não Shampoo,Saída,SP,2003,RN,0,0,0,0,0,0,0,0,0,0,0,0,0,0,0,0,0,0,0,0,0,0,0,0,0,0,0,0,0,0,0,0,0,0
Cenário 1,Não Shampoo,Saída,SP,2003,RR,0,0,0,0,0,0,0,0,0,0,0,0,0,0,0,0,0,0,0,0,0,0,0,0,0,0,0,0,0,0,0,0,0,0
Cenário 1,Não Shampoo,Saída,SP,2003,SC,0,0,0,0,0,0,0,0,0,0,0,0,0,0,0,0,0,0,0,0,0,0,0,0,0,0,0,0,0,0,0,0,0,0
Cenário 1,Não Shampoo,Saída,SP,2003,PA,0,0,0,0,0,0,0,0,0,0,0,0,0,0,0,0,0,0,0,0,0,0,0,0,0,0,0,0,0,0,0,0,0,0
Cenário 1,Shampoo,Saída,SP,2003,RJ,0,0,0,0,0,0,0,0,0,0,0,0,0,0,0,0,0,0,0,0,0,0,0,0,0,0,0,0,0,0,0,0,0,0
Cenário 1,Não Shampoo,Saída,SP,2003,RJ,0,0,0,0,0,0,0,0,0,0,0,0,0,0,0,0,0,0,0,0,0,0,0,0,0,0,0,0,0,0,0,0,0,0
Cenário 1,Shampoo,Saída,SP,2003,MG,0,0,0,0,0,0,0,0,0,0,0,0,0,0,0,0,0,0,0,0,0,0,0,0,0,0,0,0,0,0,0,0,0,0
Cenário 1,Não Shampoo,Saída,SP,2003,MG,0,0,0,0,0,0,0,0,0,0,0,0,0,0,0,0,0,0,0,0,0,0,0,0,0,0,0,0,0,0,0,0,0,0
Cenário 1,Shampoo,Saída,SP,2003,AC,0,0,0,0,0,0,0,0,0,0,0,0,0,0,0,0,0,0,0,0,0,0,0,0,0,0,0,0,0,0,0,0,0,0
Cenário 1,Shampoo,Saída,SP,2003,AL,0,0,0,0,0,0,0,0,0,0,0,0,0,0,0,0,0,0,0,0,0,0,0,0,0,0,0,0,0,0,0,0,0,0
Cenário 1,Shampoo,Saída,SP,2003,AM,0,0,0,0,0,0,0,0,0,0,0,0,0,0,0,0,0,0,0,0,0,0,0,0,0,0,0,0,0,0,0,0,0,0
Cenário 1,Shampoo,Saída,SP,2003,AP,0,0,0,0,0,0,0,0,0,0,0,0,0,0,0,0,0,0,0,0,0,0,0,0,0,0,0,0,0,0,0,0,0,0
Cenário 1,Shampoo,Saída,SP,2003,BA,0,0,0,0,0,0,0,0,0,0,0,0,0,0,0,0,0,0,0,0,0,0,0,0,0,0,0,0,0,0,0,0,0,0
Cenário 1,Shampoo,Saída,SP,2003,CE,0,0,0,0,0,0,0,0,0,0,0,0,0,0,0,0,0,0,0,0,0,0,0,0,0,0,0,0,0,0,0,0,0,0
Cenário 1,Shampoo,Saída,SP,2003,DF,0,0,0,0,0,0,0,0,0,0,0,0,0,0,0,0,0,0,0,0,0,0,0,0,0,0,0,0,0,0,0,0,0,0
Cenário 1,Shampoo,Saída,SP,2003,GO,0,0,0,0,0,0,0,0,0,0,0,0,0,0,0,0,0,0,0,0,0,0,0,0,0,0,0,0,0,0,0,0,0,0
Cenário 1,Shampoo,Saída,SP,2003,MA,0,0,0,0,0,0,0,0,0,0,0,0,0,0,0,0,0,0,0,0,0,0,0,0,0,0,0,0,0,0,0,0,0,0
Cenário 1,Shampoo,Saída,SP,2003,MS,0,0,0,0,0,0,0,0,0,0,0,0,0,0,0,0,0,0,0,0,0,0,0,0,0,0,0,0,0,0,0,0,0,0
Cenário 1,Shampoo,Saída,SP,2003,MT,0,0,0,0,0,0,0,0,0,0,0,0,0,0,0,0,0,0,0,0,0,0,0,0,0,0,0,0,0,0,0,0,0,0
Cenário 1,Shampoo,Saída,SP,2003,PA,0,0,0,0,0,0,0,0,0,0,0,0,0,0,0,0,0,0,0,0,0,0,0,0,0,0,0,0,0,0,0,0,0,0
Cenário 1,Shampoo,Saída,SP,2003,PB,0,0,0,0,0,0,0,0,0,0,0,0,0,0,0,0,0,0,0,0,0,0,0,0,0,0,0,0,0,0,0,0,0,0
Cenário 1,Shampoo,Saída,SP,2003,PE,0,0,0,0,0,0,0,0,0,0,0,0,0,0,0,0,0,0,0,0,0,0,0,0,0,0,0,0,0,0,0,0,0,0
Cenário 1,Shampoo,Saída,SP,2003,PI,0,0,0,0,0,0,0,0,0,0,0,0,0,0,0,0,0,0,0,0,0,0,0,0,0,0,0,0,0,0,0,0,0,0
Cenário 1,Shampoo,Saída,SP,2003,PR,0,0,0,0,0,0,0,0,0,0,0,0,0,0,0,0,0,0,0,0,0,0,0,0,0,0,0,0,0,0,0,0,0,0
Cenário 1,Shampoo,Saída,SP,2003,RN,0,0,0,0,0,0,0,0,0,0,0,0,0,0,0,0,0,0,0,0,0,0,0,0,0,0,0,0,0,0,0,0,0,0
Cenário 1,Shampoo,Saída,SP,2003,RO,0,0,0,0,0,0,0,0,0,0,0,0,0,0,0,0,0,0,0,0,0,0,0,0,0,0,0,0,0,0,0,0,0,0
Cenário 1,Shampoo,Saída,SP,2003,RR,0,0,0,0,0,0,0,0,0,0,0,0,0,0,0,0,0,0,0,0,0,0,0,0,0,0,0,0,0,0,0,0,0,0
Cenário 1,Shampoo,Saída,SP,2003,RS,0,0,0,0,0,0,0,0,0,0,0,0,0,0,0,0,0,0,0,0,0,0,0,0,0,0,0,0,0,0,0,0,0,0
Cenário 1,Shampoo,Saída,SP,2003,SC,0,0,0,0,0,0,0,0,0,0,0,0,0,0,0,0,0,0,0,0,0,0,0,0,0,0,0,0,0,0,0,0,0,0
Cenário 1,Shampoo,Saída,SP,2003,SE,0,0,0,0,0,0,0,0,0,0,0,0,0,0,0,0,0,0,0,0,0,0,0,0,0,0,0,0,0,0,0,0,0,0
Cenário 1,Shampoo,Saída,SP,2003,ES,120772.46000000024,0,0,0,0,0,7584.539999999996,0,0,0,0,0,0,0.06280024436034491,0,113187.92000000025,0,0,0.06280024436034491,0,0,0,0,0,0,7584.539999999996,0,0,0,0,7584.539999999996,0,0.06280024436034491,0
Cenário 1,Não Shampoo,Saída,SP,2003,ES,16484.12,0,0,0,0,0,1162.6900000000003,0,0,0,0,0,0,0.07053394418385697,0,15321.429999999998,0,0,0.07053394418385697,0,0,0,0,0,0,1162.6900000000003,0,0,0,0,1162.6900000000003,0,0.07053394418385697,0
Cenário 1,Shampoo,Saída,ES,2002,MG,11167042.139999965,0,0,162145.45181999815,746851.7780799918,0,1340045.059999997,0,0,0,0.014519999995271681,0.0668799999782211,0,0.12000000028655763,0,8917999.850099977,0,0,0.12000000028655763,0,0.0668799999782211,0.014519999995271681,0,0,0,1340045.059999997,0,746851.7780799917,162145.45181999815,0,2249042.2898999867,1217207.5964599974,0.011,0.1904000002600504
Cenário 1,Shampoo,Saída,ES,2002,PE,7757111.620000061,0,0,112633.26310500101,518795.6361200046,0,930853.2500000003,0,0,0,0.014520000307150425,0.06688000141475346,0,0.11999998138482286,0,6194829.470775055,0,0,0.11999998138482286,0,0.06688000141475346,0.014520000307150425,0,0,0,930853.2500000003,0,518795.6361200046,112633.26310500101,0,1562282.149225006,845525.0221799997,0.011,0.19039998310672673
Cenário 1,Shampoo,Saída,ES,2002,BA,8130563.439999967,0,0,0,0,0,975667.4100000212,0,0,0,0,0,0,0.11999997505708229,0,7154896.029999945,0,0,0.11999997505708229,0,0,0,0,0,0,975667.4100000212,0,0,0,0,975667.4100000212,886231.2121600215,0.011,0.1089999750570823
Cenário 1,Shampoo,Saída,ES,2002,CE,7195600.340000059,0,0,0,0,0,863472.0200000021,0,0,0,0,0,0,0.11999999710934404,0,6332128.320000057,0,0,0.11999999710934404,0,0,0,0,0,0,863472.0200000021,0,0,0,0,863472.0200000021,784320.4162600015,0.011,0.10899999710934405
Cenário 1,Shampoo,Saída,ES,2002,DF,6337487.999999989,0,0,0,0,0,760530.8599999994,0,0,0,0,0,0,0.1200050966565934,0,5576957.139999989,0,0,0.1200050966565934,0,0,0,0,0,0,760530.8599999994,0,0,0,0,760530.8599999994,690818.4919999995,0.011,0.1090050966565934
Cenário 1,Shampoo,Saída,ES,2002,SC,4775567.749999961,0,0,0,0,0,573067.7999999807,0,0,0,0,0,0,0.11999993089826554,0,4202499.949999981,0,0,0.11999993089826554,0,0,0,0,0,0,573067.7999999807,0,0,0,0,573067.7999999807,520536.55474998115,0.011,0.10899993089826554
Cenário 1,Shampoo,Saída,ES,2002,PR,4640738.55999998,0,0,0,0,0,556888.5299999957,0,0,0,0,0,0,0.11999997905505759,0,4083850.0299999844,0,0,0.11999997905505759,0,0,0,0,0,0,556888.5299999957,0,0,0,0,556888.5299999957,505840.40583999595,0.011,0.1089999790550576
Cenário 1,Shampoo,Saída,ES,2002,GO,3748474.4200000037,0,0,0,0,0,449816.6799999973,0,0,0,0,0,0,0.11999993319948996,0,3298657.7400000063,0,0,0.11999993319948996,0,0,0,0,0,0,449816.6799999973,0,0,0,0,449816.6799999973,408583.46137999726,0.011,0.10899993319948996
Cenário 1,Shampoo,Saída,ES,2002,RS,3484301.2900000024,0,0,0,0,0,418115.95999999816,0,0,0,0,0,0,0.11999994409209024,0,3066185.3300000043,0,0,0.11999994409209024,0,0,0,0,0,0,418115.95999999816,0,0,0,0,418115.95999999816,379788.64580999815,0.011,0.10899994409209024
Cenário 1,Shampoo,Saída,ES,2002,PA,2647201.8399999994,0,0,0,0,0,317663.9399999961,0,0,0,0,0,0,0.11999989392572959,0,2329537.900000003,0,0,0.11999989392572959,0,0,0,0,0,0,317663.9399999961,0,0,0,0,317663.9399999961,288544.7197599961,0.011,0.10899989392572959
Cenário 1,Shampoo,Saída,ES,2002,ES,4419886.939999928,0,0,0,0,0,310074.49000000017,0,0,0,0,0,0,0.07015439403977271,0,4109812.4499999275,0,0,0.07015439403977271,0,0,0,0,0,0,310074.49000000017,0,0,0,0,310074.49000000017,0,0.07015439403977271,0
Cenário 1,Shampoo,Saída,ES,2002,MA,1847483.6900000037,0,0,0,0,0,221697.82000000105,0,0,0,0,0,0,0.1199998794035365,0,1625785.8700000027,0,0,0.1199998794035365,0,0,0,0,0,0,221697.82000000105,0,0,0,0,221697.82000000105,201375.499410001,0.011,0.1089998794035365
Cenário 1,Shampoo,Saída,ES,2002,MT,1596758.9999999995,0,0,0,0,0,191610.99999999852,0,0,0,0,0,0,0.11999994989851229,0,1405148.000000001,0,0,0.11999994989851229,0,0,0,0,0,0,191610.99999999852,0,0,0,0,191610.99999999852,174046.65099999853,0.011,0.10899994989851229
Cenário 1,Não Shampoo,Saída,ES,2002,MG,1540174.560000001,0,0,0,0,0,184820.9600000001,0,0,0,0,0,0,0.12000000831074628,0,1355353.6000000008,0,0,0.12000000831074628,0,0,0,0,0,0,184820.9600000001,0,0,0,0,184820.9600000001,167879.0398400001,0.011,0.10900000831074629
Cenário 1,Não Shampoo,Saída,ES,2002,CE,1276001.88,0,0,0,0,0,153120.2400000002,0,0,0,0,0,0,0.12000001128525,0,1122881.6399999997,0,0,0.12000001128525,0,0,0,0,0,0,153120.2400000002,0,0,0,0,153120.2400000002,139084.2193200002,0.011,0.10900001128525
Cenário 1,Shampoo,Saída,ES,2002,SP,1264373.1000000013,0,0,0,0,0,151724.74999999997,0,0,0,0,0,0,0.11999998260007258,0,1112648.3500000013,0,0,0.11999998260007258,0,0,0,0,0,0,151724.74999999997,0,0,0,0,151724.74999999997,137816.64589999994,0.011,0.10899998260007258
Cenário 1,Não Shampoo,Saída,ES,2002,PE,1209971.840000004,0,0,0,0,0,145196.72000000015,0,0,0,0,0,0,0.12000008198537881,0,1064775.1200000038,0,0,0.12000008198537881,0,0,0,0,0,0,145196.72000000015,0,0,0,0,145196.72000000015,131887.0297600001,0.011,0.10900008198537882
Cenário 1,Shampoo,Saída,ES,2002,RO,1285933.3499999978,0,0,0,0,0,144590.29999999804,0,0,0,0,0,0,0.1124399643262991,0,1141343.0499999998,0,0,0.1124399643262991,0,0,0,0,0,0,144590.29999999804,0,0,0,0,144590.29999999804,130445.03314999807,0.011,0.1014399643262991
Cenário 1,Shampoo,Saída,ES,2002,PB,1147028.2000000018,0,0,0,0,0,137643.42000000077,0,0,0,0,0,0,0.12000003138545377,0,1009384.7800000011,0,0,0.12000003138545377,0,0,0,0,0,0,137643.42000000077,0,0,0,0,137643.42000000077,125026.10980000075,0.011,0.10900003138545378
Cenário 1,Não Shampoo,Saída,ES,2002,BA,1057583.6300000018,0,0,0,0,0,126910.26999999957,0,0,0,0,0,0,0.12000022163731804,0,930673.3600000022,0,0,0.12000022163731804,0,0,0,0,0,0,126910.26999999957,0,0,0,0,126910.26999999957,115276.85006999955,0.011,0.10900022163731804
Cenário 1,Shampoo,Saída,ES,2002,MS,1052271.2400000014,0,0,0,0,0,126272.45000000024,0,0,0,0,0,0,0.11999990610785873,0,925998.7900000012,0,0,0.11999990610785873,0,0,0,0,0,0,126272.45000000024,0,0,0,0,126272.45000000024,114697.46636000022,0.011,0.10899990610785873
Cenário 1,Shampoo,Saída,ES,2002,SE,972678.7800000007,0,0,0,0,0,116721.45999999998,0,0,0,0,0,0,0.12000000657976716,0,855957.3200000008,0,0,0.12000000657976716,0,0,0,0,0,0,116721.45999999998,0,0,0,0,116721.45999999998,106021.99341999997,0.011,0.10900000657976716
Cenário 1,Não Shampoo,Saída,ES,2002,SC,868191.5300000092,0,0,0,0,0,104183.1299999995,0,0,0,0,0,0,0.12000016862638407,0,764008.4000000097,0,0,0.12000016862638407,0,0,0,0,0,0,104183.1299999995,0,0,0,0,104183.1299999995,94633.02316999939,0.011,0.10900016862638408
Cenário 1,Não Shampoo,Saída,ES,2002,DF,812460.1100000027,0,0,0,0,0,97505.46999999988,0,0,0,0,0,0,0.1200126243736441,0,714954.6400000028,0,0,0.1200126243736441,0,0,0,0,0,0,97505.46999999988,0,0,0,0,97505.46999999988,88568.40878999986,0.011,0.1090126243736441
Cenário 1,Não Shampoo,Saída,ES,2002,PR,700252.9200000046,0,0,0,0,0,84030.34999999948,0,0,0,0,0,0,0.11999999942877629,0,616222.5700000051,0,0,0.11999999942877629,0,0,0,0,0,0,84030.34999999948,0,0,0,0,84030.34999999948,76327.56787999943,0.011,0.10899999942877629
Cenário 1,Shampoo,Saída,ES,2002,AL,655196.6300000004,0,0,0,0,0,78623.59999999983,0,0,0,0,0,0,0.12000000671554094,0,576573.0300000005,0,0,0.12000000671554094,0,0,0,0,0,0,78623.59999999983,0,0,0,0,78623.59999999983,71416.43706999983,0.011,0.10900000671554094
Cenário 1,Não Shampoo,Saída,ES,2002,GO,643639.7900000002,0,0,0,0,0,77236.94999999991,0,0,0,0,0,0,0.12000027220194061,0,566402.8400000002,0,0,0.12000027220194061,0,0,0,0,0,0,77236.94999999991,0,0,0,0,77236.94999999991,70156.91230999991,0.011,0.10900027220194061
Cenário 1,Não Shampoo,Saída,ES,2002,RS,611983.2400000029,0,0,0,0,0,73438.07000000015,0,0,0,0,0,0,0.12000013268337185,0,538545.1700000027,0,0,0.12000013268337185,0,0,0,0,0,0,73438.07000000015,0,0,0,0,73438.07000000015,66706.25436000012,0.011,0.10900013268337186
Cenário 1,Shampoo,Saída,ES,2002,RN,524430.1700000006,0,0,0,0,0,62931.620000000104,0,0,0,0,0,0,0.11999999923726744,0,461498.5500000005,0,0,0.11999999923726744,0,0,0,0,0,0,62931.620000000104,0,0,0,0,62931.620000000104,57162.888130000094,0.011,0.10899999923726744
Cenário 1,Não Shampoo,Saída,ES,2002,PA,432154.619999999,0,0,0,0,0,51858.83000000005,0,0,0,0,0,0,0.12000063773470748,0,380295.78999999893,0,0,0.12000063773470748,0,0,0,0,0,0,51858.83000000005,0,0,0,0,51858.83000000005,47105.12918000006,0.011,0.10900063773470749
Cenário 1,Shampoo,Saída,ES,2002,AC,475686.78999999975,0,0,0,0,0,49687.06000000004,0,0,0,0,0,0,0.10445331054915372,0,425999.7299999997,0,0,0.10445331054915372,0,0,0,0,0,0,49687.06000000004,0,0,0,0,49687.06000000004,44454.505310000044,0.011,0.09345331054915372
Cenário 1,Não Shampoo,Saída,ES,2002,ES,672259.1900000029,0,0,0,0,0,47272.189999999806,0,0,0,0,0,0,0.07031839906866814,0,624987.000000003,0,0,0.07031839906866814,0,0,0,0,0,0,47272.1899999998,0,0,0,0,47272.1899999998,0,0.07031839906866814,0
Cenário 1,Não Shampoo,Saída,ES,2002,MA,358193.08,0,0,0,0,0,42983.34999999999,0,0,0,0,0,0,0.12000050363898708,0,315209.73000000004,0,0,0.12000050363898708,0,0,0,0,0,0,42983.34999999999,0,0,0,0,42983.34999999999,39043.22611999999,0.011,0.10900050363898708
Cenário 1,Não Shampoo,Saída,ES,2002,RO,348092.53,0,0,0,0,0,38880.74999999988,0,0,0,0,0,0,0.1116965940061968,0,309211.78000000014,0,0,0.1116965940061968,0,0,0,0,0,0,38880.74999999988,0,0,0,0,38880.74999999988,35051.73216999989,0.011,0.10069659400619681
Cenário 1,Shampoo,Saída,ES,2002,PI,261558.18000000025,0,0,0,0,0,31386.94999999997,0,0,0,0,0,0,0.11999987918557906,0,230171.23000000027,0,0,0.11999987918557906,0,0,0,0,0,0,31386.94999999997,0,0,0,0,31386.94999999997,28509.810019999968,0.011,0.10899987918557906
Cenário 1,Não Shampoo,Saída,ES,2002,MT,260306.4499999997,0,0,0,0,0,31236.849999999966,0,0,0,0,0,0,0.12000029196356833,0,229069.59999999971,0,0,0.12000029196356833,0,0,0,0,0,0,31236.849999999966,0,0,0,0,31236.849999999966,28373.47904999997,0.011,0.10900029196356834
Cenário 1,Não Shampoo,Saída,ES,2002,PB,223559.11999999965,0,0,0,0,0,26827.080000000034,0,0,0,0,0,0,0.11999993558750847,0,196732.0399999996,0,0,0.11999993558750847,0,0,0,0,0,0,26827.080000000034,0,0,0,0,26827.080000000034,24367.929680000037,0.011,0.10899993558750848
Cenário 1,Não Shampoo,Saída,ES,2002,SE,160628.34000000005,0,0,0,0,0,19275.410000000003,0,0,0,0,0,0,0.12000005727507361,0,141352.93000000005,0,0,0.12000005727507361,0,0,0,0,0,0,19275.410000000003,0,0,0,0,19275.410000000003,17508.498260000004,0.011,0.10900005727507361
Cenário 1,Não Shampoo,Saída,ES,2002,MS,153801.40999999986,0,0,0,0,0,18456.21,0,0,0,0,0,0,0.12000026527715199,0,135345.19999999987,0,0,0.12000026527715199,0,0,0,0,0,0,18456.21,0,0,0,0,18456.21,16764.394490000002,0.011,0.109000265277152
Cenário 1,Não Shampoo,Saída,ES,2002,AL,117631.31999999999,0,0,0,0,0,14115.770000000002,0,0,0,0,0,0,0.1200000986131925,0,103515.54999999999,0,0,0.1200000986131925,0,0,0,0,0,0,14115.770000000002,0,0,0,0,14115.770000000002,12821.825480000003,0.011,0.1090000986131925
Cenário 1,Não Shampoo,Saída,ES,2002,RN,105728.11000000002,0,0,0,0,0,12687.38999999999,0,0,0,0,0,0,0.12000015889813966,0,93040.72000000003,0,0,0.12000015889813966,0,0,0,0,0,0,12687.38999999999,0,0,0,0,12687.38999999999,11524.38078999999,0.011,0.10900015889813966
Cenário 1,Não Shampoo,Saída,ES,2002,SP,100578.89999999998,0,0,0,0,0,12069.49,0,0,0,0,0,0,0.12000021873375034,0,88509.40999999997,0,0,0.12000021873375034,0,0,0,0,0,0,12069.49,0,0,0,0,12069.49,10963.1221,0.011,0.10900021873375035
Cenário 1,Não Shampoo,Saída,ES,2002,AC,99403.79999999993,0,0,0,0,0,10815.870000000003,0,0,0,0,0,0,0.10880740977709112,0,88587.92999999993,0,0,0.10880740977709112,0,0,0,0,0,0,10815.870000000003,0,0,0,0,10815.870000000003,9722.428200000004,0.011,0.09780740977709113
Cenário 1,Não Shampoo,Saída,ES,2002,PI,57580.05000000001,0,0,0,0,0,6909.650000000001,0,0,0,0,0,0,0.12000076415355665,0,50670.40000000001,0,0,0.12000076415355665,0,0,0,0,0,0,6909.650000000001,0,0,0,0,6909.650000000001,6276.269450000001,0.011,0.10900076415355665
Cenário 1,Shampoo,Saída,ES,2002,AP,390461.5099999993,0,0,0,0,0,6246.199999999999,0,0,0,0,0,0,0.01599696728110284,0,384215.3099999993,0,0,0.01599696728110284,0,0,0,0,0,0,6246.199999999998,0,0,0,0,6246.199999999998,1951.123390000006,0.011,0.00499696728110284
Cenário 1,Shampoo,Saída,ES,2002,AM,714522.2099999958,0,0,0,0,0,4428.01,0,0,0,0,0,0,0.0061971621567928955,0,710094.1999999958,0,0,0.0061971621567928955,0,0,0,0,0,0,4428.01,0,0,0,0,4428.01,-3431.7343099999525,0.011,-0.004802837843207104
Cenário 1,Shampoo,Saída,ES,2002,RR,241163.96999999994,0,0,0,0,0,2576.010000000001,0,0,0,0,0,0,0.01068157071721784,0,238587.95999999993,0,0,0.01068157071721784,0,0,0,0,0,0,2576.010000000001,0,0,0,0,2576.010000000001,-76.7936699999982,0.011,-0.0003184292827821591
Cenário 1,Não Shampoo,Saída,ES,2002,AM,153093.32999999993,0,0,0,0,0,1177.4299999999998,0,0,0,0,0,0,0.00769092944806936,0,151915.89999999994,0,0,0.00769092944806936,0,0,0,0,0,0,1177.4299999999998,0,0,0,0,1177.4299999999998,-506.5966299999993,0.011,-0.003309070551930639
Cenário 1,Não Shampoo,Saída,ES,2002,AP,64086.71000000002,0,0,0,0,0,689.81,0,0,0,0,0,0,0.010763698120874042,0,63396.90000000002,0,0,0.010763698120874042,0,0,0,0,0,0,689.81,0,0,0,0,689.81,-15.143810000000371,0.011,-0.00023630187912595732
Cenário 1,Não Shampoo,Saída,ES,2002,RR,41154.17000000001,0,0,0,0,0,391.0899999999999,0,0,0,0,0,0,0.009503046714342673,0,40763.080000000016,0,0,0.009503046714342673,0,0,0,0,0,0,391.0899999999999,0,0,0,0,391.0899999999999,-61.60587000000021,0.011,-0.0014969532856573264
Cenário 1,Shampoo,Saída,ES,2002,RJ,0,0,0,0,0,0,0,0,0,0,0,0,0,0,0,0,0,0,0,0,0,0,0,0,0,0,0,0,0,0,0,0,0,0
Cenário 1,Não Shampoo,Saída,ES,2002,RJ,0,0,0,0,0,0,0,0,0,0,0,0,0,0,0,0,0,0,0,0,0,0,0,0,0,0,0,0,0,0,0,0,0,0
Cenário 1,Shampoo,Saída,RJ,2001,RJ,46582466.15999457,0,0,0,0,0,0,0,0,0,0,0,0,0,0,46582466.15999457,0,0,0,0,0,0,0,0,0,0,0,0,0,0,0,0,0,0
Cenário 1,Não Shampoo,Saída,RJ,2001,AP,0,0,0,0,0,0,0,0,0,0,0,0,0,0,0,0,0,0,0,0,0,0,0,0,0,0,0,0,0,0,0,0,0,0
Cenário 1,Não Shampoo,Saída,RJ,2001,AL,0,0,0,0,0,0,0,0,0,0,0,0,0,0,0,0,0,0,0,0,0,0,0,0,0,0,0,0,0,0,0,0,0,0
Cenário 1,Não Shampoo,Saída,RJ,2001,CE,0,0,0,0,0,0,0,0,0,0,0,0,0,0,0,0,0,0,0,0,0,0,0,0,0,0,0,0,0,0,0,0,0,0
Cenário 1,Não Shampoo,Saída,RJ,2001,GO,0,0,0,0,0,0,0,0,0,0,0,0,0,0,0,0,0,0,0,0,0,0,0,0,0,0,0,0,0,0,0,0,0,0
Cenário 1,Não Shampoo,Saída,RJ,2001,MS,0,0,0,0,0,0,0,0,0,0,0,0,0,0,0,0,0,0,0,0,0,0,0,0,0,0,0,0,0,0,0,0,0,0
Cenário 1,Não Shampoo,Saída,RJ,2001,PA,0,0,0,0,0,0,0,0,0,0,0,0,0,0,0,0,0,0,0,0,0,0,0,0,0,0,0,0,0,0,0,0,0,0
Cenário 1,Não Shampoo,Saída,RJ,2001,PI,0,0,0,0,0,0,0,0,0,0,0,0,0,0,0,0,0,0,0,0,0,0,0,0,0,0,0,0,0,0,0,0,0,0
Cenário 1,Não Shampoo,Saída,RJ,2001,RJ,8031735.779999973,0,0,0,0,0,0,0,0,0,0,0,0,0,0,8031735.779999973,0,0,0,0,0,0,0,0,0,0,0,0,0,0,0,0,0,0
Cenário 1,Não Shampoo,Saída,RJ,2001,RN,0,0,0,0,0,0,0,0,0,0,0,0,0,0,0,0,0,0,0,0,0,0,0,0,0,0,0,0,0,0,0,0,0,0
Cenário 1,Não Shampoo,Saída,RJ,2001,RR,0,0,0,0,0,0,0,0,0,0,0,0,0,0,0,0,0,0,0,0,0,0,0,0,0,0,0,0,0,0,0,0,0,0
Cenário 1,Não Shampoo,Saída,RJ,2001,SE,0,0,0,0,0,0,0,0,0,0,0,0,0,0,0,0,0,0,0,0,0,0,0,0,0,0,0,0,0,0,0,0,0,0
Cenário 1,Não Shampoo,Saída,RJ,2001,MA,0,0,0,0,0,0,0,0,0,0,0,0,0,0,0,0,0,0,0,0,0,0,0,0,0,0,0,0,0,0,0,0,0,0
Cenário 1,Não Shampoo,Saída,RJ,2001,AM,0,0,0,0,0,0,0,0,0,0,0,0,0,0,0,0,0,0,0,0,0,0,0,0,0,0,0,0,0,0,0,0,0,0
Cenário 1,Não Shampoo,Saída,RJ,2001,AC,0,0,0,0,0,0,0,0,0,0,0,0,0,0,0,0,0,0,0,0,0,0,0,0,0,0,0,0,0,0,0,0,0,0
Cenário 1,Não Shampoo,Saída,RJ,2001,DF,0,0,0,0,0,0,0,0,0,0,0,0,0,0,0,0,0,0,0,0,0,0,0,0,0,0,0,0,0,0,0,0,0,0
Cenário 1,Não Shampoo,Saída,RJ,2001,BA,0,0,0,0,0,0,0,0,0,0,0,0,0,0,0,0,0,0,0,0,0,0,0,0,0,0,0,0,0,0,0,0,0,0
Cenário 1,Não Shampoo,Saída,RJ,2001,MT,0,0,0,0,0,0,0,0,0,0,0,0,0,0,0,0,0,0,0,0,0,0,0,0,0,0,0,0,0,0,0,0,0,0
Cenário 1,Não Shampoo,Saída,RJ,2001,PB,0,0,0,0,0,0,0,0,0,0,0,0,0,0,0,0,0,0,0,0,0,0,0,0,0,0,0,0,0,0,0,0,0,0
Cenário 1,Não Shampoo,Saída,RJ,2001,PR,0,0,0,0,0,0,0,0,0,0,0,0,0,0,0,0,0,0,0,0,0,0,0,0,0,0,0,0,0,0,0,0,0,0
Cenário 1,Não Shampoo,Saída,RJ,2001,RO,0,0,0,0,0,0,0,0,0,0,0,0,0,0,0,0,0,0,0,0,0,0,0,0,0,0,0,0,0,0,0,0,0,0
Cenário 1,Não Shampoo,Saída,RJ,2001,SC,0,0,0,0,0,0,0,0,0,0,0,0,0,0,0,0,0,0,0,0,0,0,0,0,0,0,0,0,0,0,0,0,0,0
Cenário 1,Não Shampoo,Saída,RJ,2001,MG,0,0,0,0,0,0,0,0,0,0,0,0,0,0,0,0,0,0,0,0,0,0,0,0,0,0,0,0,0,0,0,0,0,0
Cenário 1,Não Shampoo,Saída,RJ,2001,ES,0,0,0,0,0,0,0,0,0,0,0,0,0,0,0,0,0,0,0,0,0,0,0,0,0,0,0,0,0,0,0,0,0,0
Cenário 1,Shampoo,Saída,RJ,2001,PE,0,0,0,0,0,0,0,0,0,0,0,0,0,0,0,0,0,0,0,0,0,0,0,0,0,0,0,0,0,0,0,0,0,0
Cenário 1,Não Shampoo,Saída,RJ,2001,PE,0,0,0,0,0,0,0,0,0,0,0,0,0,0,0,0,0,0,0,0,0,0,0,0,0,0,0,0,0,0,0,0,0,0
Cenário 1,Shampoo,Saída,RJ,2001,AC,0,0,0,0,0,0,0,0,0,0,0,0,0,0,0,0,0,0,0,0,0,0,0,0,0,0,0,0,0,0,0,0,0,0
Cenário 1,Shampoo,Saída,RJ,2001,AL,0,0,0,0,0,0,0,0,0,0,0,0,0,0,0,0,0,0,0,0,0,0,0,0,0,0,0,0,0,0,0,0,0,0
Cenário 1,Shampoo,Saída,RJ,2001,AM,0,0,0,0,0,0,0,0,0,0,0,0,0,0,0,0,0,0,0,0,0,0,0,0,0,0,0,0,0,0,0,0,0,0
Cenário 1,Shampoo,Saída,RJ,2001,AP,0,0,0,0,0,0,0,0,0,0,0,0,0,0,0,0,0,0,0,0,0,0,0,0,0,0,0,0,0,0,0,0,0,0
Cenário 1,Shampoo,Saída,RJ,2001,BA,0,0,0,0,0,0,0,0,0,0,0,0,0,0,0,0,0,0,0,0,0,0,0,0,0,0,0,0,0,0,0,0,0,0
Cenário 1,Shampoo,Saída,RJ,2001,CE,0,0,0,0,0,0,0,0,0,0,0,0,0,0,0,0,0,0,0,0,0,0,0,0,0,0,0,0,0,0,0,0,0,0
Cenário 1,Shampoo,Saída,RJ,2001,DF,0,0,0,0,0,0,0,0,0,0,0,0,0,0,0,0,0,0,0,0,0,0,0,0,0,0,0,0,0,0,0,0,0,0
Cenário 1,Shampoo,Saída,RJ,2001,GO,0,0,0,0,0,0,0,0,0,0,0,0,0,0,0,0,0,0,0,0,0,0,0,0,0,0,0,0,0,0,0,0,0,0
Cenário 1,Shampoo,Saída,RJ,2001,MA,0,0,0,0,0,0,0,0,0,0,0,0,0,0,0,0,0,0,0,0,0,0,0,0,0,0,0,0,0,0,0,0,0,0
Cenário 1,Shampoo,Saída,RJ,2001,MS,0,0,0,0,0,0,0,0,0,0,0,0,0,0,0,0,0,0,0,0,0,0,0,0,0,0,0,0,0,0,0,0,0,0
Cenário 1,Shampoo,Saída,RJ,2001,MT,0,0,0,0,0,0,0,0,0,0,0,0,0,0,0,0,0,0,0,0,0,0,0,0,0,0,0,0,0,0,0,0,0,0
Cenário 1,Shampoo,Saída,RJ,2001,PA,0,0,0,0,0,0,0,0,0,0,0,0,0,0,0,0,0,0,0,0,0,0,0,0,0,0,0,0,0,0,0,0,0,0
Cenário 1,Shampoo,Saída,RJ,2001,PB,0,0,0,0,0,0,0,0,0,0,0,0,0,0,0,0,0,0,0,0,0,0,0,0,0,0,0,0,0,0,0,0,0,0
Cenário 1,Shampoo,Saída,RJ,2001,PI,0,0,0,0,0,0,0,0,0,0,0,0,0,0,0,0,0,0,0,0,0,0,0,0,0,0,0,0,0,0,0,0,0,0
Cenário 1,Shampoo,Saída,RJ,2001,PR,0,0,0,0,0,0,0,0,0,0,0,0,0,0,0,0,0,0,0,0,0,0,0,0,0,0,0,0,0,0,0,0,0,0
Cenário 1,Shampoo,Saída,RJ,2001,RN,0,0,0,0,0,0,0,0,0,0,0,0,0,0,0,0,0,0,0,0,0,0,0,0,0,0,0,0,0,0,0,0,0,0
Cenário 1,Shampoo,Saída,RJ,2001,RO,0,0,0,0,0,0,0,0,0,0,0,0,0,0,0,0,0,0,0,0,0,0,0,0,0,0,0,0,0,0,0,0,0,0
Cenário 1,Shampoo,Saída,RJ,2001,RR,0,0,0,0,0,0,0,0,0,0,0,0,0,0,0,0,0,0,0,0,0,0,0,0,0,0,0,0,0,0,0,0,0,0
Cenário 1,Shampoo,Saída,RJ,2001,SC,0,0,0,0,0,0,0,0,0,0,0,0,0,0,0,0,0,0,0,0,0,0,0,0,0,0,0,0,0,0,0,0,0,0
Cenário 1,Shampoo,Saída,RJ,2001,SE,0,0,0,0,0,0,0,0,0,0,0,0,0,0,0,0,0,0,0,0,0,0,0,0,0,0,0,0,0,0,0,0,0,0
Cenário 1,Shampoo,Saída,RJ,2001,RS,342288.6099999999,0,129815.22000000077,0,0,0,41074.66000000036,12658.469999999845,0,0.37925661622220147,0,0,0,0.12000007829650063,0.0369818615933491,171398.7299999988,0,0.0369818615933491,0.12000007829650063,0,0,0,0.37925661622220147,0,12658.469999999845,41074.66000000036,0,0,0,129815.22000000076,183548.35000000097,0,0.12000007829650063,0.41623847781555057
Cenário 1,Não Shampoo,Saída,RJ,2001,RS,49763.99000000002,0,17195.30000000001,0,0,0,5971.67999999999,1716.1400000000044,0,0.34553700376517243,0,0,0,0.12000002411382182,0.034485578829189616,26597.01000000002,0,0.034485578829189616,0.12000002411382182,0,0,0,0.34553700376517243,0,1716.1400000000044,5971.67999999999,0,0,0,17195.30000000001,24883.120000000003,0,0.12000002411382182,0.38002258259436206
Cenário 1,Shampoo,Saída,RJ,2001,MG,7661.280000000001,0,0,0,0,0,0,0,0,0,0,0,0,0,0,7661.280000000001,0,0,0,0,0,0,0,0,0,0,0,0,0,0,0,0,0,0
Cenário 1,Shampoo,Saída,RJ,2001,SP,4968.24,0,0,0,0,0,596.19,0,0,0,0,0,0,0.12000024153422542,0,4372.049999999999,0,0,0.12000024153422542,0,0,0,0,0,0,596.19,0,0,0,0,596.19,0,0.12000024153422542,0
Cenário 1,Não Shampoo,Saída,RJ,2001,SP,316.56,0,0,0,0,0,37.99,0,0,0,0,0,0,0.1200088450846601,0,278.57,0,0,0.1200088450846601,0,0,0,0,0,0,37.99,0,0,0,0,37.99,0,0.1200088450846601,0
Cenário 1,Shampoo,Saída,RJ,2001,ES,3.2199999999999998,0,0,0,0,0,3.2199999999999998,0,0,0,0,0,0,1,0,0,0,0,1,0,0,0,0,0,0,3.2199999999999998,0,0,0,0,3.2199999999999998,0,1,0
Cenário 1,Shampoo,Saída,RJ,1001,ES,6615004.409999994,0,0,0,0,360729.9600000007,463050.33000000025,0,0,0,0,0,0.05453208155911132,0.0700000032199526,0,5791224.119999993,0,0,0.0700000032199526,0.05453208155911132,0,0,0,0,0,463050.33000000025,360729.9600000007,0,0,0,823780.290000001,0,0.0700000032199526,0.05453208155911132
Cenário 1,Shampoo,Saída,RJ,1001,RJ,5486604.409999999,0,132839.7299999999,79763.88526079811,367818.3850575564,298476.99000000104,736648.6200000002,70897.01999999999,0,0.02421164714516021,0.01453793262649277,0.06703934848795787,0.054401040734045024,0.13426311885314152,0.012921839210930099,3871056.7996816435,0,0.012921839210930099,0.13426311885314152,0.054401040734045024,0.06703934848795787,0.01453793262649277,0.02421164714516021,0,70897.01999999999,736648.6200000002,298476.99000000104,367818.3850575564,79763.88526079811,132839.7299999999,1686444.6303183557,0,0.13426311885314152,0.173111808204586
Cenário 1,Shampoo,Saída,RJ,1001,EX,5032923.189999998,0,0,0,0,0,0,0,0,0,0,0,0,0,0,5032923.189999998,0,0,0,0,0,0,0,0,0,0,0,0,0,0,0,0,0,0
Cenário 1,Não Shampoo,Saída,RJ,1001,RJ,1805902.9800000016,0,41043.33999999999,0,0,57665.21999999991,289107.93999999954,29472.129999999936,0,0.02272732281553683,0,0,0.03193151605519797,0.16009051604754496,0.01631988557879223,1418086.4800000023,0,0.01631988557879223,0.16009051604754496,0.03193151605519797,0,0,0.02272732281553683,0,29472.129999999936,289107.93999999954,57665.219999999914,0,0,41043.33999999999,417288.62999999936,0,0.16009051604754496,0.07097872444952705
Cenário 1,Não Shampoo,Saída,RJ,1001,ES,1683101.550000001,0,0,0,0,82935.58999999998,117817.16,0,0,0,0,0,0.0492754522149896,0.07000003059827253,0,1482348.800000001,0,0,0.07000003059827253,0.0492754522149896,0,0,0,0,0,117817.16,82935.58999999998,0,0,0,200752.75,0,0.07000003059827253,0.04927545221498961
Cenário 1,Shampoo,Saída,RJ,1001,MG,1324721.0200000007,0,523188.19999999966,0,0,74148.76999999993,158966.48,50529.95000000001,0,0.3949421743153131,0,0,0.055973121042496854,0.11999996799326089,0.03814384254278685,568417.5700000011,0,0.03814384254278685,0.11999996799326089,0.055973121042496854,0,0,0.3949421743153131,0,50529.95000000001,158966.48,74148.76999999993,0,0,523188.19999999966,806833.3999999997,0,0.11999996799326089,0.4890591379005968
Cenário 1,Não Shampoo,Saída,RJ,1001,EX,831199.9599999993,0,0,0,0,0,0,0,0,0,0,0,0,0,0,831199.9599999993,0,0,0,0,0,0,0,0,0,0,0,0,0,0,0,0,0,0
Cenário 1,Não Shampoo,Saída,RJ,1001,SP,797119.0300000003,0,41782.170000000006,0,0,7585.010000000001,95654.28,0,0,0.05241647536629503,0,0,0.009515529945383438,0.11999999548373594,0,652097.5700000003,0,0,0.11999999548373594,0.009515529945383438,0,0,0.05241647536629503,0,0,95654.28,7585.010000000002,0,0,41782.170000000006,145021.46000000002,0,0.11999999548373594,0.06193200531167847
Cenário 1,Não Shampoo,Saída,RJ,1001,MG,282940.75000000006,0,87072.24999999996,0,0,13383.329999999996,33952.88000000001,2451.58,0,0.30774022476437185,0,0,0.047300821815167995,0.1199999646569114,0.008664640918637558,148532.2900000001,0,0.008664640918637558,0.1199999646569114,0.047300821815167995,0,0,0.30774022476437185,0,2451.58,33952.88000000001,13383.329999999996,0,0,87072.24999999996,136860.03999999998,0,0.1199999646569114,0.36370568749817744
Cenário 1,Shampoo,Saída,RJ,1001,SP,0,0,0,0,0,0,0,0,0,0,0,0,0,0,0,0,0,0,0,0,0,0,0,0,0,0,0,0,0,0,0,0,0,0
Cenário 1,Shampoo,Saída,RJ,1001,SC,0,0,0,0,0,0,0,0,0,0,0,0,0,0,0,0,0,0,0,0,0,0,0,0,0,0,0,0,0,0,0,0,0,0
Cenário 1,Não Shampoo,Saída,RJ,1001,SC,0,0,0,0,0,0,0,0,0,0,0,0,0,0,0,0,0,0,0,0,0,0,0,0,0,0,0,0,0,0,0,0,0,0
Cenário 1,Shampoo,Saída,RJ,1001,PR,0,0,0,0,0,0,0,0,0,0,0,0,0,0,0,0,0,0,0,0,0,0,0,0,0,0,0,0,0,0,0,0,0,0
Cenário 1,Não Shampoo,Saída,RJ,1001,PR,0,0,0,0,0,0,0,0,0,0,0,0,0,0,0,0,0,0,0,0,0,0,0,0,0,0,0,0,0,0,0,0,0,0
Cenário 1,Shampoo,Saída,RJ,1001,MT,0,0,0,0,0,0,0,0,0,0,0,0,0,0,0,0,0,0,0,0,0,0,0,0,0,0,0,0,0,0,0,0,0,0
Cenário 1,Não Shampoo,Saída,RJ,1001,MT,0,0,0,0,0,0,0,0,0,0,0,0,0,0,0,0,0,0,0,0,0,0,0,0,0,0,0,0,0,0,0,0,0,0
Cenário 1,Shampoo,Saída,RJ,1001,BA,0,0,0,0,0,0,0,0,0,0,0,0,0,0,0,0,0,0,0,0,0,0,0,0,0,0,0,0,0,0,0,0,0,0
Cenário 1,Não Shampoo,Saída,RJ,1001,BA,0,0,0,0,0,0,0,0,0,0,0,0,0,0,0,0,0,0,0,0,0,0,0,0,0,0,0,0,0,0,0,0,0,0
Cenário 1,Shampoo,Saída,RJ,1001,CE,0,0,0,0,0,0,0,0,0,0,0,0,0,0,0,0,0,0,0,0,0,0,0,0,0,0,0,0,0,0,0,0,0,0
Cenário 1,Não Shampoo,Saída,RJ,1001,CE,0,0,0,0,0,0,0,0,0,0,0,0,0,0,0,0,0,0,0,0,0,0,0,0,0,0,0,0,0,0,0,0,0,0
Cenário 1,Shampoo,Saída,RJ,1001,RS,0,0,0,0,0,0,0,0,0,0,0,0,0,0,0,0,0,0,0,0,0,0,0,0,0,0,0,0,0,0,0,0,0,0
Cenário 1,Não Shampoo,Saída,RJ,1001,RS,0,0,0,0,0,0,0,0,0,0,0,0,0,0,0,0,0,0,0,0,0,0,0,0,0,0,0,0,0,0,0,0,0,0
Cenário 1,Shampoo,Saída,RJ,1001,GO,0,0,0,0,0,0,0,0,0,0,0,0,0,0,0,0,0,0,0,0,0,0,0,0,0,0,0,0,0,0,0,0,0,0
Cenário 1,Não Shampoo,Saída,RJ,1001,GO,0,0,0,0,0,0,0,0,0,0,0,0,0,0,0,0,0,0,0,0,0,0,0,0,0,0,0,0,0,0,0,0,0,0
Cenário 1,Shampoo,Saída,RJ,1001,SE,0,0,0,0,0,0,0,0,0,0,0,0,0,0,0,0,0,0,0,0,0,0,0,0,0,0,0,0,0,0,0,0,0,0
Cenário 1,Não Shampoo,Saída,RJ,1001,SE,0,0,0,0,0,0,0,0,0,0,0,0,0,0,0,0,0,0,0,0,0,0,0,0,0,0,0,0,0,0,0,0,0,0
Cenário 1,Shampoo,Saída,RJ,1001,PE,0,0,0,0,0,0,0,0,0,0,0,0,0,0,0,0,0,0,0,0,0,0,0,0,0,0,0,0,0,0,0,0,0,0
Cenário 1,Não Shampoo,Saída,RJ,1001,PE,0,0,0,0,0,0,0,0,0,0,0,0,0,0,0,0,0,0,0,0,0,0,0,0,0,0,0,0,0,0,0,0,0,0
Cenário 1,Shampoo,Saída,RJ,1001,PA,0,0,0,0,0,0,0,0,0,0,0,0,0,0,0,0,0,0,0,0,0,0,0,0,0,0,0,0,0,0,0,0,0,0
Cenário 1,Não Shampoo,Saída,RJ,1001,PA,0,0,0,0,0,0,0,0,0,0,0,0,0,0,0,0,0,0,0,0,0,0,0,0,0,0,0,0,0,0,0,0,0,0
Cenário 1,Shampoo,Saída,RJ,1001,AC,0,0,0,0,0,0,0,0,0,0,0,0,0,0,0,0,0,0,0,0,0,0,0,0,0,0,0,0,0,0,0,0,0,0
Cenário 1,Shampoo,Saída,RJ,1001,AL,0,0,0,0,0,0,0,0,0,0,0,0,0,0,0,0,0,0,0,0,0,0,0,0,0,0,0,0,0,0,0,0,0,0
Cenário 1,Shampoo,Saída,RJ,1001,AM,0,0,0,0,0,0,0,0,0,0,0,0,0,0,0,0,0,0,0,0,0,0,0,0,0,0,0,0,0,0,0,0,0,0
Cenário 1,Shampoo,Saída,RJ,1001,AP,0,0,0,0,0,0,0,0,0,0,0,0,0,0,0,0,0,0,0,0,0,0,0,0,0,0,0,0,0,0,0,0,0,0
Cenário 1,Shampoo,Saída,RJ,1001,DF,0,0,0,0,0,0,0,0,0,0,0,0,0,0,0,0,0,0,0,0,0,0,0,0,0,0,0,0,0,0,0,0,0,0
Cenário 1,Shampoo,Saída,RJ,1001,MA,0,0,0,0,0,0,0,0,0,0,0,0,0,0,0,0,0,0,0,0,0,0,0,0,0,0,0,0,0,0,0,0,0,0
Cenário 1,Shampoo,Saída,RJ,1001,MS,0,0,0,0,0,0,0,0,0,0,0,0,0,0,0,0,0,0,0,0,0,0,0,0,0,0,0,0,0,0,0,0,0,0
Cenário 1,Shampoo,Saída,RJ,1001,PB,0,0,0,0,0,0,0,0,0,0,0,0,0,0,0,0,0,0,0,0,0,0,0,0,0,0,0,0,0,0,0,0,0,0
Cenário 1,Shampoo,Saída,RJ,1001,PI,0,0,0,0,0,0,0,0,0,0,0,0,0,0,0,0,0,0,0,0,0,0,0,0,0,0,0,0,0,0,0,0,0,0
Cenário 1,Shampoo,Saída,RJ,1001,RN,0,0,0,0,0,0,0,0,0,0,0,0,0,0,0,0,0,0,0,0,0,0,0,0,0,0,0,0,0,0,0,0,0,0
Cenário 1,Shampoo,Saída,RJ,1001,RO,0,0,0,0,0,0,0,0,0,0,0,0,0,0,0,0,0,0,0,0,0,0,0,0,0,0,0,0,0,0,0,0,0,0
Cenário 1,Shampoo,Saída,RJ,1001,RR,0,0,0,0,0,0,0,0,0,0,0,0,0,0,0,0,0,0,0,0,0,0,0,0,0,0,0,0,0,0,0,0,0,0
Cenário 1,Não Shampoo,Saída,RJ,1001,AC,0,0,0,0,0,0,0,0,0,0,0,0,0,0,0,0,0,0,0,0,0,0,0,0,0,0,0,0,0,0,0,0,0,0
Cenário 1,Não Shampoo,Saída,RJ,1001,AL,0,0,0,0,0,0,0,0,0,0,0,0,0,0,0,0,0,0,0,0,0,0,0,0,0,0,0,0,0,0,0,0,0,0
Cenário 1,Não Shampoo,Saída,RJ,1001,AM,0,0,0,0,0,0,0,0,0,0,0,0,0,0,0,0,0,0,0,0,0,0,0,0,0,0,0,0,0,0,0,0,0,0
Cenário 1,Não Shampoo,Saída,RJ,1001,AP,0,0,0,0,0,0,0,0,0,0,0,0,0,0,0,0,0,0,0,0,0,0,0,0,0,0,0,0,0,0,0,0,0,0
Cenário 1,Não Shampoo,Saída,RJ,1001,DF,0,0,0,0,0,0,0,0,0,0,0,0,0,0,0,0,0,0,0,0,0,0,0,0,0,0,0,0,0,0,0,0,0,0
Cenário 1,Não Shampoo,Saída,RJ,1001,MA,0,0,0,0,0,0,0,0,0,0,0,0,0,0,0,0,0,0,0,0,0,0,0,0,0,0,0,0,0,0,0,0,0,0
Cenário 1,Não Shampoo,Saída,RJ,1001,MS,0,0,0,0,0,0,0,0,0,0,0,0,0,0,0,0,0,0,0,0,0,0,0,0,0,0,0,0,0,0,0,0,0,0
Cenário 1,Não Shampoo,Saída,RJ,1001,PB,0,0,0,0,0,0,0,0,0,0,0,0,0,0,0,0,0,0,0,0,0,0,0,0,0,0,0,0,0,0,0,0,0,0
Cenário 1,Não Shampoo,Saída,RJ,1001,PI,0,0,0,0,0,0,0,0,0,0,0,0,0,0,0,0,0,0,0,0,0,0,0,0,0,0,0,0,0,0,0,0,0,0
Cenário 1,Não Shampoo,Saída,RJ,1001,RN,0,0,0,0,0,0,0,0,0,0,0,0,0,0,0,0,0,0,0,0,0,0,0,0,0,0,0,0,0,0,0,0,0,0
Cenário 1,Não Shampoo,Saída,RJ,1001,RO,0,0,0,0,0,0,0,0,0,0,0,0,0,0,0,0,0,0,0,0,0,0,0,0,0,0,0,0,0,0,0,0,0,0
Cenário 1,Não Shampoo,Saída,RJ,1001,RR,0,0,0,0,0,0,0,0,0,0,0,0,0,0,0,0,0,0,0,0,0,0,0,0,0,0,0,0,0,0,0,0,0,0
Cenário 1,Shampoo,Entrada,SP,Terceirista1,SP,15182335.440000007,0,0,222836.99999999983,1043282.6099999995,546428.5499999999,1381237.5200000007,0,0,0,0.014677386155815283,0.0687168725867645,0.03599107345239895,0.09097661723116296,0,11988549.760000007,0,0,0.09097661723116296,0.03599107345239895,0.0687168725867645,0.014677386155815283,0,0,0,1381237.5200000007,546428.5499999999,1043282.6099999995,222836.99999999983,0,3193785.68,1927666.0700000008,0,0.0833942587425798
Cenário 1,Não Shampoo,Entrada,SP,Terceirista1,SP,15182335.440000007,0,0,222836.99999999983,1043282.6099999995,546428.5499999999,1381237.5200000007,0,0,0,0.014677386155815283,0.0687168725867645,0.03599107345239895,0.09097661723116296,0,11988549.760000007,0,0,0.09097661723116296,0.03599107345239895,0.0687168725867645,0.014677386155815283,0,0,0,1381237.5200000007,546428.5499999999,1043282.6099999995,222836.99999999983,0,3193785.68,1927666.0700000008,0,0.0833942587425798
Cenário 1,Shampoo,Entrada,SP,Terceirista1,ES,15988471.390000004,0,0,312889.0399999998,1464889.7400000005,724226.3799999997,1042015.19,0,0,0,0.01956966569022329,0.09162162562433682,0.045296786811837894,0.06517290894060884,0,12444451.040000005,0,0,0.06517290894060884,0.045296786811837894,0.09162162562433682,0.01956966569022329,0,0,0,1042015.19,724226.3799999997,1464889.7400000005,312889.0399999998,0,3544020.3499999996,1766241.5699999996,0,0.11119129131456008
Cenário 1,Não Shampoo,Entrada,SP,Terceirista1,ES,15988471.390000004,0,0,312889.0399999998,1464889.7400000005,724226.3799999997,1042015.19,0,0,0,0.01956966569022329,0.09162162562433682,0.045296786811837894,0.06517290894060884,0,12444451.040000005,0,0,0.06517290894060884,0.045296786811837894,0.09162162562433682,0.01956966569022329,0,0,0,1042015.19,724226.3799999997,1464889.7400000005,312889.0399999998,0,3544020.3499999996,1766241.5699999996,0,0.11119129131456008
Cenário 1,Shampoo,Entrada,SP,Terceirista1,RJ,6299195.129999998,127622.14304311914,0,90148.80999999998,422022.7599999999,230315.7899999998,535085.4099999998,0,0.020260071391552396,0,0.014311163273965767,0.06699629893827404,0.03656273305507205,0.08494504439966444,0,5021622.3599999985,0.020260071391552396,0,0.08494504439966444,0.03656273305507205,0.06699629893827404,0.014311163273965767,0,127622.14304311914,0,535085.4099999998,230315.7899999998,422022.75999999983,90148.80999999998,0,1405194.9130431185,230315.7899999998,0,0.18651257800345664
Cenário 1,Não Shampoo,Entrada,SP,Terceirista1,RJ,6299195.129999998,127622.14304311914,0,90148.80999999998,422022.7599999999,230315.7899999998,535085.4099999998,0,0.020260071391552396,0,0.014311163273965767,0.06699629893827404,0.03656273305507205,0.08494504439966444,0,5021622.3599999985,0.020260071391552396,0,0.08494504439966444,0.03656273305507205,0.06699629893827404,0.014311163273965767,0,127622.14304311914,0,535085.4099999998,230315.7899999998,422022.75999999983,90148.80999999998,0,1405194.9130431185,230315.7899999998,0,0.18651257800345664
Cenário 1,Shampoo,Entrada,SP,Terceirista1,MG,0,0,0,0,0,0,0,0,0,0,0,0,0,0,0,0,0,0,0,0,0,0,0,0,0,0,0,0,0,0,0,0,0,0
Cenário 1,Não Shampoo,Entrada,SP,Terceirista1,MG,0,0,0,0,0,0,0,0,0,0,0,0,0,0,0,0,0,0,0,0,0,0,0,0,0,0,0,0,0,0,0,0,0,0
Cenário 1,Shampoo,Entrada,RJ,Terceirista2,ES,3510785.620000001,0,0,67224.47999999998,314732.69000000006,225132.23000000013,229995.78999999998,0,0,0,0.01914798773728598,0.08964736787317705,0.06412588359639004,0.0655112031591379,0,2673700.4300000006,0,0,0.0655112031591379,0.06412588359639004,0.08964736787317705,0.01914798773728598,0,0,0,229995.78999999998,225132.23000000013,314732.69000000006,67224.47999999998,0,837085.1900000002,455128.02000000014,0,0.10879535561046305
Cenário 1,Shampoo,Entrada,RJ,Terceirista2,MG,0,0,0,0,0,0,0,0,0,0,0,0,0,0,0,0,0,0,0,0,0,0,0,0,0,0,0,0,0,0,0,0,0,0
Cenário 1,Shampoo,Entrada,RJ,Terceirista2,RJ,24041.21,487.07663093930336,4946.96,340.69,1595.0900000000001,819.34,2391.94,129.29,0.020260071391552396,0.20577000908024182,0.014171083734970079,0.06634815801700497,0.03408064735510401,0.09949332833081198,0.005377849118243216,13947.189999999999,0.020260071391552396,0.005377849118243216,0.09949332833081198,0.03408064735510401,0.06634815801700497,0.014171083734970079,0.20577000908024182,487.07663093930336,129.29,2391.94,819.34,1595.09,340.69,4946.96,10710.386630939303,819.34,0,0.4114204996728244
Cenário 1,Não Shampoo,Entrada,RJ,Terceirista2,ES,453517.5800000001,0,0,8875.15,41551.83,19737.009999999995,30364.629999999997,0,0,0,0.01956958316808799,0.09162121124389488,0.043519834446109,0.06695358975940909,0,352988.9600000001,0,0,0.06695358975940909,0.043519834446109,0.09162121124389488,0.01956958316808799,0,0,0,30364.629999999994,19737.009999999995,41551.83,8875.15,0,100528.61999999998,50101.639999999985,0,0.11119079441198287
Cenário 1,Não Shampoo,Entrada,RJ,Terceirista2,MG,0,0,0,0,0,0,0,0,0,0,0,0,0,0,0,0,0,0,0,0,0,0,0,0,0,0,0,0,0,0,0,0,0,0
Cenário 1,Não Shampoo,Entrada,RJ,Terceirista2,RJ,73081.79,1480.6422828224397,0,943.8000000000002,4347.19,160.2,14562.970000000001,1158.2300000000002,0.020260071391552396,0,0.0129142978025032,0.059483901530052834,0.0021920645348177704,0.19926947602131806,0.01584840765394499,53067.62999999999,0.020260071391552396,0.01584840765394499,0.19926947602131806,0.0021920645348177704,0.059483901530052834,0.0129142978025032,0,1480.64228282244,1158.2300000000002,14562.970000000001,160.19999999999996,4347.19,943.8000000000002,0,22653.03228282244,160.19999999999996,0,0.30777615439937145
Cenário 1,Shampoo,Entrada,RJ,Terceirista2,SP,3618782.76,0,829991.4599999997,50632.32,237051.3,180183.38000000015,307138.3899999999,0,0,0.2293565309236744,0.013991533440377063,0.0655058111308124,0.04979115684744783,0.08487339814783464,0,2013785.9100000001,0,0,0.08487339814783464,0.04979115684744783,0.0655058111308124,0.013991533440377063,0.2293565309236744,0,0,307138.3899999999,180183.38000000015,237051.3,50632.32,829991.4599999997,1604996.8499999996,180183.38000000015,0,0.39372727364269844
Cenário 1,Não Shampoo,Entrada,RJ,Terceirista2,SP,536242.58,0,81404.47,8450.17,39562,19794.460000000006,50946.530000000006,0,0,0.1518053079634221,0.01575811081619069,0.07377631220556936,0.036913256683197386,0.09500649873794059,0,336084.94999999995,0,0,0.09500649873794059,0.036913256683197386,0.07377631220556936,0.01575811081619069,0.1518053079634221,0,0,50946.530000000006,19794.460000000006,39562,8450.17,81404.47,200157.63,19794.460000000006,0,0.3363462297231227
Cenário 2,Shampoo,Saída,MG,2004,MG,12738303.02999964,0,0,0,0,0,0,0,0,0,0,0,0,0,0,12738303.02999964,0,0,0.12000000028655763,0,0,0,0,0,0,1528596.3672502148,0,0,0,0,1528596.3672502148,1388475.0339202187,0.011,0.10900000028655764
Cenário 2,Não Shampoo,Saída,MG,2004,MG,1770210.470000015,0,0,0,0,0,0,0,0,0,0,0,0,0,0,1770210.470000015,0,0,0.12000000831074628,0,0,0,0,0,0,212425.2711117719,0,0,0,0,212425.2711117719,192952.95594177174,0.011,0.10900000831074629
Cenário 2,Shampoo,Saída,MG,2004,AC,0,0,0,0,0,0,0,0,0,0,0,0,0,0,0,0,0,0,0.10445331054915372,0,0,0,0,0,0,0,0,0,0,0,0,0,0.011,0.09345331054915372
Cenário 2,Shampoo,Saída,MG,2004,AL,0,0,0,0,0,0,0,0,0,0,0,0,0,0,0,0,0,0,0.12000000671554094,0,0,0,0,0,0,0,0,0,0,0,0,0,0.011,0.10900000671554094
Cenário 2,Shampoo,Saída,MG,2004,AM,0,0,0,0,0,0,0,0,0,0,0,0,0,0,0,0,0,0,0.0061971621567928955,0,0,0,0,0,0,0,0,0,0,0,0,0,0.011,-0.004802837843207104
Cenário 2,Shampoo,Saída,MG,2004,AP,0,0,0,0,0,0,0,0,0,0,0,0,0,0,0,0,0,0,0.01599696728110284,0,0,0,0,0,0,0,0,0,0,0,0,0,0.011,0.00499696728110284
Cenário 2,Shampoo,Saída,MG,2004,BA,0,0,0,0,0,0,0,0,0,0,0,0,0,0,0,0,0,0,0.11999997505708229,0,0,0,0,0,0,0,0,0,0,0,0,0,0.011,0.1089999750570823
Cenário 2,Shampoo,Saída,MG,2004,CE,0,0,0,0,0,0,0,0,0,0,0,0,0,0,0,0,0,0,0.11999999710934404,0,0,0,0,0,0,0,0,0,0,0,0,0,0.011,0.10899999710934405
Cenário 2,Shampoo,Saída,MG,2004,DF,0,0,0,0,0,0,0,0,0,0,0,0,0,0,0,0,0,0,0.1200050966565934,0,0,0,0,0,0,0,0,0,0,0,0,0,0.011,0.1090050966565934
Cenário 2,Shampoo,Saída,MG,2004,ES,0,0,0,0,0,0,0,0,0,0,0,0,0,0,0,0,0,0,0.07015439403977271,0,0,0,0,0,0,0,0,0,0,0,0,0,0.07015439403977271,0
Cenário 2,Shampoo,Saída,MG,2004,GO,0,0,0,0,0,0,0,0,0,0,0,0,0,0,0,0,0,0,0.11999993319948996,0,0,0,0,0,0,0,0,0,0,0,0,0,0.011,0.10899993319948996
Cenário 2,Shampoo,Saída,MG,2004,MA,0,0,0,0,0,0,0,0,0,0,0,0,0,0,0,0,0,0,0.1199998794035365,0,0,0,0,0,0,0,0,0,0,0,0,0,0.011,0.1089998794035365
Cenário 2,Shampoo,Saída,MG,2004,MS,0,0,0,0,0,0,0,0,0,0,0,0,0,0,0,0,0,0,0.11999990610785873,0,0,0,0,0,0,0,0,0,0,0,0,0,0.011,0.10899990610785873
Cenário 2,Shampoo,Saída,MG,2004,MT,0,0,0,0,0,0,0,0,0,0,0,0,0,0,0,0,0,0,0.11999994989851229,0,0,0,0,0,0,0,0,0,0,0,0,0,0.011,0.10899994989851229
Cenário 2,Shampoo,Saída,MG,2004,PA,0,0,0,0,0,0,0,0,0,0,0,0,0,0,0,0,0,0,0.11999989392572959,0,0,0,0,0,0,0,0,0,0,0,0,0,0.011,0.10899989392572959
Cenário 2,Shampoo,Saída,MG,2004,PB,0,0,0,0,0,0,0,0,0,0,0,0,0,0,0,0,0,0,0.12000003138545377,0,0,0,0,0,0,0,0,0,0,0,0,0,0.011,0.10900003138545378
Cenário 2,Shampoo,Saída,MG,2004,PE,0,0,0,0,0,0,0,0,0,0,0,0,0,0,0,0,0,0,0.11999998138482286,0,0,0,0,0,0,0,0,0,0,0,0,0,0.011,0.10899998138482286
Cenário 2,Shampoo,Saída,MG,2004,PI,0,0,0,0,0,0,0,0,0,0,0,0,0,0,0,0,0,0,0.11999987918557906,0,0,0,0,0,0,0,0,0,0,0,0,0,0.011,0.10899987918557906
Cenário 2,Shampoo,Saída,MG,2004,PR,0,0,0,0,0,0,0,0,0,0,0,0,0,0,0,0,0,0,0.11999997905505759,0,0,0,0,0,0,0,0,0,0,0,0,0,0.011,0.1089999790550576
Cenário 2,Shampoo,Saída,MG,2004,RJ,0,0,0,0,0,0,0,0,0,0,0,0,0,0,0,0,0,0,0,0,0,0,0,0,0,0,0,0,0,0,0,0,0,0
Cenário 2,Shampoo,Saída,MG,2004,RN,0,0,0,0,0,0,0,0,0,0,0,0,0,0,0,0,0,0,0.11999999923726744,0,0,0,0,0,0,0,0,0,0,0,0,0,0.011,0.10899999923726744
Cenário 2,Shampoo,Saída,MG,2004,RO,0,0,0,0,0,0,0,0,0,0,0,0,0,0,0,0,0,0,0.1124399643262991,0,0,0,0,0,0,0,0,0,0,0,0,0,0.011,0.1014399643262991
Cenário 2,Shampoo,Saída,MG,2004,RR,0,0,0,0,0,0,0,0,0,0,0,0,0,0,0,0,0,0,0.01068157071721784,0,0,0,0,0,0,0,0,0,0,0,0,0,0.011,-0.0003184292827821591
Cenário 2,Shampoo,Saída,MG,2004,RS,0,0,0,0,0,0,0,0,0,0,0,0,0,0,0,0,0,0,0.11999994409209024,0,0,0,0,0,0,0,0,0,0,0,0,0,0.011,0.10899994409209024
Cenário 2,Shampoo,Saída,MG,2004,SC,0,0,0,0,0,0,0,0,0,0,0,0,0,0,0,0,0,0,0.11999993089826554,0,0,0,0,0,0,0,0,0,0,0,0,0,0.011,0.10899993089826554
Cenário 2,Shampoo,Saída,MG,2004,SE,0,0,0,0,0,0,0,0,0,0,0,0,0,0,0,0,0,0,0.12000000657976716,0,0,0,0,0,0,0,0,0,0,0,0,0,0.011,0.10900000657976716
Cenário 2,Shampoo,Saída,MG,2004,SP,0,0,0,0,0,0,0,0,0,0,0,0,0,0,0,0,0,0,0.11999998260007258,0,0,0,0,0,0,0,0,0,0,0,0,0,0.011,0.10899998260007258
Cenário 2,Não Shampoo,Saída,MG,2004,AC,0,0,0,0,0,0,0,0,0,0,0,0,0,0,0,0,0,0,0.10880740977709112,0,0,0,0,0,0,0,0,0,0,0,0,0,0.011,0.09780740977709113
Cenário 2,Não Shampoo,Saída,MG,2004,AL,0,0,0,0,0,0,0,0,0,0,0,0,0,0,0,0,0,0,0.1200000986131925,0,0,0,0,0,0,0,0,0,0,0,0,0,0.011,0.1090000986131925
Cenário 2,Não Shampoo,Saída,MG,2004,AM,0,0,0,0,0,0,0,0,0,0,0,0,0,0,0,0,0,0,0.00769092944806936,0,0,0,0,0,0,0,0,0,0,0,0,0,0.011,-0.003309070551930639
Cenário 2,Não Shampoo,Saída,MG,2004,AP,0,0,0,0,0,0,0,0,0,0,0,0,0,0,0,0,0,0,0.010763698120874042,0,0,0,0,0,0,0,0,0,0,0,0,0,0.011,-0.00023630187912595732
Cenário 2,Não Shampoo,Saída,MG,2004,BA,0,0,0,0,0,0,0,0,0,0,0,0,0,0,0,0,0,0,0.12000022163731804,0,0,0,0,0,0,0,0,0,0,0,0,0,0.011,0.10900022163731804
Cenário 2,Não Shampoo,Saída,MG,2004,CE,0,0,0,0,0,0,0,0,0,0,0,0,0,0,0,0,0,0,0.12000001128525,0,0,0,0,0,0,0,0,0,0,0,0,0,0.011,0.10900001128525
Cenário 2,Não Shampoo,Saída,MG,2004,DF,0,0,0,0,0,0,0,0,0,0,0,0,0,0,0,0,0,0,0.1200126243736441,0,0,0,0,0,0,0,0,0,0,0,0,0,0.011,0.1090126243736441
Cenário 2,Não Shampoo,Saída,MG,2004,ES,0,0,0,0,0,0,0,0,0,0,0,0,0,0,0,0,0,0,0.07031839906866814,0,0,0,0,0,0,0,0,0,0,0,0,0,0.07031839906866814,0
Cenário 2,Não Shampoo,Saída,MG,2004,GO,0,0,0,0,0,0,0,0,0,0,0,0,0,0,0,0,0,0,0.12000027220194061,0,0,0,0,0,0,0,0,0,0,0,0,0,0.011,0.10900027220194061
Cenário 2,Não Shampoo,Saída,MG,2004,MA,0,0,0,0,0,0,0,0,0,0,0,0,0,0,0,0,0,0,0.12000050363898708,0,0,0,0,0,0,0,0,0,0,0,0,0,0.011,0.10900050363898708
Cenário 2,Não Shampoo,Saída,MG,2004,MS,0,0,0,0,0,0,0,0,0,0,0,0,0,0,0,0,0,0,0.12000026527715199,0,0,0,0,0,0,0,0,0,0,0,0,0,0.011,0.109000265277152
Cenário 2,Não Shampoo,Saída,MG,2004,MT,0,0,0,0,0,0,0,0,0,0,0,0,0,0,0,0,0,0,0.12000029196356833,0,0,0,0,0,0,0,0,0,0,0,0,0,0.011,0.10900029196356834
Cenário 2,Não Shampoo,Saída,MG,2004,PA,0,0,0,0,0,0,0,0,0,0,0,0,0,0,0,0,0,0,0.12000063773470748,0,0,0,0,0,0,0,0,0,0,0,0,0,0.011,0.10900063773470749
Cenário 2,Não Shampoo,Saída,MG,2004,PB,0,0,0,0,0,0,0,0,0,0,0,0,0,0,0,0,0,0,0.11999993558750847,0,0,0,0,0,0,0,0,0,0,0,0,0,0.011,0.10899993558750848
Cenário 2,Não Shampoo,Saída,MG,2004,PE,0,0,0,0,0,0,0,0,0,0,0,0,0,0,0,0,0,0,0.12000008198537881,0,0,0,0,0,0,0,0,0,0,0,0,0,0.011,0.10900008198537882
Cenário 2,Não Shampoo,Saída,MG,2004,PI,0,0,0,0,0,0,0,0,0,0,0,0,0,0,0,0,0,0,0.12000076415355665,0,0,0,0,0,0,0,0,0,0,0,0,0,0.011,0.10900076415355665
Cenário 2,Não Shampoo,Saída,MG,2004,PR,0,0,0,0,0,0,0,0,0,0,0,0,0,0,0,0,0,0,0.11999999942877629,0,0,0,0,0,0,0,0,0,0,0,0,0,0.011,0.10899999942877629
Cenário 2,Não Shampoo,Saída,MG,2004,RJ,0,0,0,0,0,0,0,0,0,0,0,0,0,0,0,0,0,0,0,0,0,0,0,0,0,0,0,0,0,0,0,0,0,0
Cenário 2,Não Shampoo,Saída,MG,2004,RN,0,0,0,0,0,0,0,0,0,0,0,0,0,0,0,0,0,0,0.12000015889813966,0,0,0,0,0,0,0,0,0,0,0,0,0,0.011,0.10900015889813966
Cenário 2,Não Shampoo,Saída,MG,2004,RO,0,0,0,0,0,0,0,0,0,0,0,0,0,0,0,0,0,0,0.1116965940061968,0,0,0,0,0,0,0,0,0,0,0,0,0,0.011,0.10069659400619681
Cenário 2,Não Shampoo,Saída,MG,2004,RR,0,0,0,0,0,0,0,0,0,0,0,0,0,0,0,0,0,0,0.009503046714342673,0,0,0,0,0,0,0,0,0,0,0,0,0,0.011,-0.0014969532856573264
Cenário 2,Não Shampoo,Saída,MG,2004,RS,0,0,0,0,0,0,0,0,0,0,0,0,0,0,0,0,0,0,0.12000013268337185,0,0,0,0,0,0,0,0,0,0,0,0,0,0.011,0.10900013268337186
Cenário 2,Não Shampoo,Saída,MG,2004,SC,0,0,0,0,0,0,0,0,0,0,0,0,0,0,0,0,0,0,0.12000016862638407,0,0,0,0,0,0,0,0,0,0,0,0,0,0.011,0.10900016862638408
Cenário 2,Não Shampoo,Saída,MG,2004,SE,0,0,0,0,0,0,0,0,0,0,0,0,0,0,0,0,0,0,0.12000005727507361,0,0,0,0,0,0,0,0,0,0,0,0,0,0.011,0.10900005727507361
Cenário 2,Não Shampoo,Saída,MG,2004,SP,0,0,0,0,0,0,0,0,0,0,0,0,0,0,0,0,0,0,0.12000021873375034,0,0,0,0,0,0,0,0,0,0,0,0,0,0.011,0.10900021873375035
Cenário 2,Shampoo,Saída,SP,2003,SP,58890840.999993354,0,0,0,0,0,0,0,0,0,0,0,0,0,0,58890840.999993354,0,0,0.11999998260007258,0,0,0,0,0,0,7066899.895302843,0,0,0,0,7066899.895302843,6419100.644302917,0.011,0.10899998260007258
Cenário 2,Não Shampoo,Saída,SP,2003,SP,10700452.989999622,0,0,0,0,0,0,0,0,0,0,0,0,0,0,10700452.989999622,0,0,0.12000021873375034,0,0,0,0,0,0,1284056.6993501675,0,0,0,0,1284056.6993501675,1166351.7164601716,0.011,0.10900021873375035
Cenário 2,Shampoo,Saída,SP,2003,ES,120772.46000000024,0,0,0,0,0,7584.539999999996,0,0,0,0,0,0,0.06280024436034491,0,113187.92000000025,0,0,0.07015439403977271,0,0,0,0,0,0,8472.718747992705,0,0,0,0,8472.718747992705,0,0.07015439403977271,0
Cenário 2,Não Shampoo,Saída,SP,2003,ES,16484.12,0,0,0,0,0,1162.6900000000003,0,0,0,0,0,0,0.07053394418385697,0,15321.429999999998,0,0,0.07031839906866814,0,0,0,0,0,0,1159.1369284558139,0,0,0,0,1159.1369284558139,0,0.07031839906866814,0
Cenário 2,Shampoo,Saída,SP,2003,AM,0,0,0,0,0,0,0,0,0,0,0,0,0,0,0,0,0,0,0.0061971621567928955,0,0,0,0,0,0,0,0,0,0,0,0,0,0.011,-0.004802837843207104
Cenário 2,Shampoo,Saída,SP,2003,AP,0,0,0,0,0,0,0,0,0,0,0,0,0,0,0,0,0,0,0.01599696728110284,0,0,0,0,0,0,0,0,0,0,0,0,0,0.011,0.00499696728110284
Cenário 2,Shampoo,Saída,SP,2003,AL,0,0,0,0,0,0,0,0,0,0,0,0,0,0,0,0,0,0,0.12000000671554094,0,0,0,0,0,0,0,0,0,0,0,0,0,0.011,0.10900000671554094
Cenário 2,Shampoo,Saída,SP,2003,AC,0,0,0,0,0,0,0,0,0,0,0,0,0,0,0,0,0,0,0.10445331054915372,0,0,0,0,0,0,0,0,0,0,0,0,0,0.011,0.09345331054915372
Cenário 2,Shampoo,Saída,SP,2003,RJ,0,0,0,0,0,0,0,0,0,0,0,0,0,0,0,0,0,0,0,0,0,0,0,0,0,0,0,0,0,0,0,0,0,0
Cenário 2,Não Shampoo,Saída,SP,2003,RJ,0,0,0,0,0,0,0,0,0,0,0,0,0,0,0,0,0,0,0,0,0,0,0,0,0,0,0,0,0,0,0,0,0,0
Cenário 2,Shampoo,Saída,SP,2003,MG,0,0,0,0,0,0,0,0,0,0,0,0,0,0,0,0,0,0,0.12000000028655763,0,0,0,0,0,0,0,0,0,0,0,0,0,0.011,0.10900000028655764
Cenário 2,Não Shampoo,Saída,SP,2003,MG,0,0,0,0,0,0,0,0,0,0,0,0,0,0,0,0,0,0,0.12000000831074628,0,0,0,0,0,0,0,0,0,0,0,0,0,0.011,0.10900000831074629
Cenário 2,Shampoo,Saída,SP,2003,BA,0,0,0,0,0,0,0,0,0,0,0,0,0,0,0,0,0,0,0.11999997505708229,0,0,0,0,0,0,0,0,0,0,0,0,0,0.011,0.1089999750570823
Cenário 2,Shampoo,Saída,SP,2003,CE,0,0,0,0,0,0,0,0,0,0,0,0,0,0,0,0,0,0,0.11999999710934404,0,0,0,0,0,0,0,0,0,0,0,0,0,0.011,0.10899999710934405
Cenário 2,Shampoo,Saída,SP,2003,DF,0,0,0,0,0,0,0,0,0,0,0,0,0,0,0,0,0,0,0.1200050966565934,0,0,0,0,0,0,0,0,0,0,0,0,0,0.011,0.1090050966565934
Cenário 2,Shampoo,Saída,SP,2003,GO,0,0,0,0,0,0,0,0,0,0,0,0,0,0,0,0,0,0,0.11999993319948996,0,0,0,0,0,0,0,0,0,0,0,0,0,0.011,0.10899993319948996
Cenário 2,Shampoo,Saída,SP,2003,MA,0,0,0,0,0,0,0,0,0,0,0,0,0,0,0,0,0,0,0.1199998794035365,0,0,0,0,0,0,0,0,0,0,0,0,0,0.011,0.1089998794035365
Cenário 2,Shampoo,Saída,SP,2003,MS,0,0,0,0,0,0,0,0,0,0,0,0,0,0,0,0,0,0,0.11999990610785873,0,0,0,0,0,0,0,0,0,0,0,0,0,0.011,0.10899990610785873
Cenário 2,Shampoo,Saída,SP,2003,MT,0,0,0,0,0,0,0,0,0,0,0,0,0,0,0,0,0,0,0.11999994989851229,0,0,0,0,0,0,0,0,0,0,0,0,0,0.011,0.10899994989851229
Cenário 2,Shampoo,Saída,SP,2003,PA,0,0,0,0,0,0,0,0,0,0,0,0,0,0,0,0,0,0,0.11999989392572959,0,0,0,0,0,0,0,0,0,0,0,0,0,0.011,0.10899989392572959
Cenário 2,Shampoo,Saída,SP,2003,PB,0,0,0,0,0,0,0,0,0,0,0,0,0,0,0,0,0,0,0.12000003138545377,0,0,0,0,0,0,0,0,0,0,0,0,0,0.011,0.10900003138545378
Cenário 2,Shampoo,Saída,SP,2003,PE,0,0,0,0,0,0,0,0,0,0,0,0,0,0,0,0,0,0,0.11999998138482286,0,0,0,0,0,0,0,0,0,0,0,0,0,0.011,0.10899998138482286
Cenário 2,Shampoo,Saída,SP,2003,PI,0,0,0,0,0,0,0,0,0,0,0,0,0,0,0,0,0,0,0.11999987918557906,0,0,0,0,0,0,0,0,0,0,0,0,0,0.011,0.10899987918557906
Cenário 2,Shampoo,Saída,SP,2003,PR,0,0,0,0,0,0,0,0,0,0,0,0,0,0,0,0,0,0,0.11999997905505759,0,0,0,0,0,0,0,0,0,0,0,0,0,0.011,0.1089999790550576
Cenário 2,Shampoo,Saída,SP,2003,RN,0,0,0,0,0,0,0,0,0,0,0,0,0,0,0,0,0,0,0.11999999923726744,0,0,0,0,0,0,0,0,0,0,0,0,0,0.011,0.10899999923726744
Cenário 2,Shampoo,Saída,SP,2003,RO,0,0,0,0,0,0,0,0,0,0,0,0,0,0,0,0,0,0,0.1124399643262991,0,0,0,0,0,0,0,0,0,0,0,0,0,0.011,0.1014399643262991
Cenário 2,Shampoo,Saída,SP,2003,RR,0,0,0,0,0,0,0,0,0,0,0,0,0,0,0,0,0,0,0.01068157071721784,0,0,0,0,0,0,0,0,0,0,0,0,0,0.011,-0.0003184292827821591
Cenário 2,Shampoo,Saída,SP,2003,RS,0,0,0,0,0,0,0,0,0,0,0,0,0,0,0,0,0,0,0.11999994409209024,0,0,0,0,0,0,0,0,0,0,0,0,0,0.011,0.10899994409209024
Cenário 2,Shampoo,Saída,SP,2003,SC,0,0,0,0,0,0,0,0,0,0,0,0,0,0,0,0,0,0,0.11999993089826554,0,0,0,0,0,0,0,0,0,0,0,0,0,0.011,0.10899993089826554
Cenário 2,Shampoo,Saída,SP,2003,SE,0,0,0,0,0,0,0,0,0,0,0,0,0,0,0,0,0,0,0.12000000657976716,0,0,0,0,0,0,0,0,0,0,0,0,0,0.011,0.10900000657976716
Cenário 2,Não Shampoo,Saída,SP,2003,AC,0,0,0,0,0,0,0,0,0,0,0,0,0,0,0,0,0,0,0.10880740977709112,0,0,0,0,0,0,0,0,0,0,0,0,0,0.011,0.09780740977709113
Cenário 2,Não Shampoo,Saída,SP,2003,AL,0,0,0,0,0,0,0,0,0,0,0,0,0,0,0,0,0,0,0.1200000986131925,0,0,0,0,0,0,0,0,0,0,0,0,0,0.011,0.1090000986131925
Cenário 2,Não Shampoo,Saída,SP,2003,AM,0,0,0,0,0,0,0,0,0,0,0,0,0,0,0,0,0,0,0.00769092944806936,0,0,0,0,0,0,0,0,0,0,0,0,0,0.011,-0.003309070551930639
Cenário 2,Não Shampoo,Saída,SP,2003,AP,0,0,0,0,0,0,0,0,0,0,0,0,0,0,0,0,0,0,0.010763698120874042,0,0,0,0,0,0,0,0,0,0,0,0,0,0.011,-0.00023630187912595732
Cenário 2,Não Shampoo,Saída,SP,2003,BA,0,0,0,0,0,0,0,0,0,0,0,0,0,0,0,0,0,0,0.12000022163731804,0,0,0,0,0,0,0,0,0,0,0,0,0,0.011,0.10900022163731804
Cenário 2,Não Shampoo,Saída,SP,2003,CE,0,0,0,0,0,0,0,0,0,0,0,0,0,0,0,0,0,0,0.12000001128525,0,0,0,0,0,0,0,0,0,0,0,0,0,0.011,0.10900001128525
Cenário 2,Não Shampoo,Saída,SP,2003,DF,0,0,0,0,0,0,0,0,0,0,0,0,0,0,0,0,0,0,0.1200126243736441,0,0,0,0,0,0,0,0,0,0,0,0,0,0.011,0.1090126243736441
Cenário 2,Não Shampoo,Saída,SP,2003,GO,0,0,0,0,0,0,0,0,0,0,0,0,0,0,0,0,0,0,0.12000027220194061,0,0,0,0,0,0,0,0,0,0,0,0,0,0.011,0.10900027220194061
Cenário 2,Não Shampoo,Saída,SP,2003,MA,0,0,0,0,0,0,0,0,0,0,0,0,0,0,0,0,0,0,0.12000050363898708,0,0,0,0,0,0,0,0,0,0,0,0,0,0.011,0.10900050363898708
Cenário 2,Não Shampoo,Saída,SP,2003,MS,0,0,0,0,0,0,0,0,0,0,0,0,0,0,0,0,0,0,0.12000026527715199,0,0,0,0,0,0,0,0,0,0,0,0,0,0.011,0.109000265277152
Cenário 2,Não Shampoo,Saída,SP,2003,MT,0,0,0,0,0,0,0,0,0,0,0,0,0,0,0,0,0,0,0.12000029196356833,0,0,0,0,0,0,0,0,0,0,0,0,0,0.011,0.10900029196356834
Cenário 2,Não Shampoo,Saída,SP,2003,PA,0,0,0,0,0,0,0,0,0,0,0,0,0,0,0,0,0,0,0.12000063773470748,0,0,0,0,0,0,0,0,0,0,0,0,0,0.011,0.10900063773470749
Cenário 2,Não Shampoo,Saída,SP,2003,PB,0,0,0,0,0,0,0,0,0,0,0,0,0,0,0,0,0,0,0.11999993558750847,0,0,0,0,0,0,0,0,0,0,0,0,0,0.011,0.10899993558750848
Cenário 2,Não Shampoo,Saída,SP,2003,PE,0,0,0,0,0,0,0,0,0,0,0,0,0,0,0,0,0,0,0.12000008198537881,0,0,0,0,0,0,0,0,0,0,0,0,0,0.011,0.10900008198537882
Cenário 2,Não Shampoo,Saída,SP,2003,PI,0,0,0,0,0,0,0,0,0,0,0,0,0,0,0,0,0,0,0.12000076415355665,0,0,0,0,0,0,0,0,0,0,0,0,0,0.011,0.10900076415355665
Cenário 2,Não Shampoo,Saída,SP,2003,PR,0,0,0,0,0,0,0,0,0,0,0,0,0,0,0,0,0,0,0.11999999942877629,0,0,0,0,0,0,0,0,0,0,0,0,0,0.011,0.10899999942877629
Cenário 2,Não Shampoo,Saída,SP,2003,RN,0,0,0,0,0,0,0,0,0,0,0,0,0,0,0,0,0,0,0.12000015889813966,0,0,0,0,0,0,0,0,0,0,0,0,0,0.011,0.10900015889813966
Cenário 2,Não Shampoo,Saída,SP,2003,RO,0,0,0,0,0,0,0,0,0,0,0,0,0,0,0,0,0,0,0.1116965940061968,0,0,0,0,0,0,0,0,0,0,0,0,0,0.011,0.10069659400619681
Cenário 2,Não Shampoo,Saída,SP,2003,RR,0,0,0,0,0,0,0,0,0,0,0,0,0,0,0,0,0,0,0.009503046714342673,0,0,0,0,0,0,0,0,0,0,0,0,0,0.011,-0.0014969532856573264
Cenário 2,Não Shampoo,Saída,SP,2003,RS,0,0,0,0,0,0,0,0,0,0,0,0,0,0,0,0,0,0,0.12000013268337185,0,0,0,0,0,0,0,0,0,0,0,0,0,0.011,0.10900013268337186
Cenário 2,Não Shampoo,Saída,SP,2003,SC,0,0,0,0,0,0,0,0,0,0,0,0,0,0,0,0,0,0,0.12000016862638407,0,0,0,0,0,0,0,0,0,0,0,0,0,0.011,0.10900016862638408
Cenário 2,Não Shampoo,Saída,SP,2003,SE,0,0,0,0,0,0,0,0,0,0,0,0,0,0,0,0,0,0,0.12000005727507361,0,0,0,0,0,0,0,0,0,0,0,0,0,0.011,0.10900005727507361
Cenário 2,Shampoo,Saída,ES,2002,MG,11167042.139999965,0,0,0,0,0,1340045.059999997,0,0,0,0,0,0,0.12000000028655763,0,9826997.079999968,0,0,0.12000000028655763,0,0,0,0,0,0,1340045.059999997,0,0,0,0,1340045.059999997,1217207.5964599974,0.011,0.10900000028655764
Cenário 2,Shampoo,Saída,ES,2002,BA,8130563.439999967,0,0,0,0,0,975667.4100000212,0,0,0,0,0,0,0.11999997505708229,0,7154896.029999945,0,0,0.11999997505708229,0,0,0,0,0,0,975667.4100000212,0,0,0,0,975667.4100000212,886231.2121600215,0.011,0.1089999750570823
Cenário 2,Shampoo,Saída,ES,2002,PE,7757111.620000061,0,0,0,0,0,930853.2500000003,0,0,0,0,0,0,0.11999998138482286,0,6826258.370000061,0,0,0.11999998138482286,0,0,0,0,0,0,930853.2500000003,0,0,0,0,930853.2500000003,845525.0221799997,0.011,0.10899998138482286
Cenário 2,Shampoo,Saída,ES,2002,CE,7195600.340000059,0,0,0,0,0,863472.0200000021,0,0,0,0,0,0,0.11999999710934404,0,6332128.320000057,0,0,0.11999999710934404,0,0,0,0,0,0,863472.0200000021,0,0,0,0,863472.0200000021,784320.4162600015,0.011,0.10899999710934405
Cenário 2,Shampoo,Saída,ES,2002,DF,6337487.999999989,0,0,0,0,0,760530.8599999994,0,0,0,0,0,0,0.1200050966565934,0,5576957.139999989,0,0,0.1200050966565934,0,0,0,0,0,0,760530.8599999994,0,0,0,0,760530.8599999994,690818.4919999995,0.011,0.1090050966565934
Cenário 2,Shampoo,Saída,ES,2002,SC,4775567.749999961,0,0,0,0,0,573067.7999999807,0,0,0,0,0,0,0.11999993089826554,0,4202499.949999981,0,0,0.11999993089826554,0,0,0,0,0,0,573067.7999999807,0,0,0,0,573067.7999999807,520536.55474998115,0.011,0.10899993089826554
Cenário 2,Shampoo,Saída,ES,2002,PR,4640738.55999998,0,0,0,0,0,556888.5299999957,0,0,0,0,0,0,0.11999997905505759,0,4083850.0299999844,0,0,0.11999997905505759,0,0,0,0,0,0,556888.5299999957,0,0,0,0,556888.5299999957,505840.40583999595,0.011,0.1089999790550576
Cenário 2,Shampoo,Saída,ES,2002,GO,3748474.4200000037,0,0,0,0,0,449816.6799999973,0,0,0,0,0,0,0.11999993319948996,0,3298657.7400000063,0,0,0.11999993319948996,0,0,0,0,0,0,449816.6799999973,0,0,0,0,449816.6799999973,408583.46137999726,0.011,0.10899993319948996
Cenário 2,Shampoo,Saída,ES,2002,RS,3484301.2900000024,0,0,0,0,0,418115.95999999816,0,0,0,0,0,0,0.11999994409209024,0,3066185.3300000043,0,0,0.11999994409209024,0,0,0,0,0,0,418115.95999999816,0,0,0,0,418115.95999999816,379788.64580999815,0.011,0.10899994409209024
Cenário 2,Shampoo,Saída,ES,2002,PA,2647201.8399999994,0,0,0,0,0,317663.9399999961,0,0,0,0,0,0,0.11999989392572959,0,2329537.900000003,0,0,0.11999989392572959,0,0,0,0,0,0,317663.9399999961,0,0,0,0,317663.9399999961,288544.7197599961,0.011,0.10899989392572959
Cenário 2,Shampoo,Saída,ES,2002,ES,4419886.939999928,0,0,0,0,0,310074.49000000017,0,0,0,0,0,0,0.07015439403977271,0,4109812.4499999275,0,0,0.07015439403977271,0,0,0,0,0,0,310074.49000000017,0,0,0,0,310074.49000000017,0,0.07015439403977271,0
Cenário 2,Shampoo,Saída,ES,2002,MA,1847483.6900000037,0,0,0,0,0,221697.82000000105,0,0,0,0,0,0,0.1199998794035365,0,1625785.8700000027,0,0,0.1199998794035365,0,0,0,0,0,0,221697.82000000105,0,0,0,0,221697.82000000105,201375.499410001,0.011,0.1089998794035365
Cenário 2,Shampoo,Saída,ES,2002,MT,1596758.9999999995,0,0,0,0,0,191610.99999999852,0,0,0,0,0,0,0.11999994989851229,0,1405148.000000001,0,0,0.11999994989851229,0,0,0,0,0,0,191610.99999999852,0,0,0,0,191610.99999999852,174046.65099999853,0.011,0.10899994989851229
Cenário 2,Não Shampoo,Saída,ES,2002,MG,1540174.560000001,0,0,0,0,0,184820.9600000001,0,0,0,0,0,0,0.12000000831074628,0,1355353.6000000008,0,0,0.12000000831074628,0,0,0,0,0,0,184820.9600000001,0,0,0,0,184820.9600000001,167879.0398400001,0.011,0.10900000831074629
Cenário 2,Não Shampoo,Saída,ES,2002,CE,1276001.88,0,0,0,0,0,153120.2400000002,0,0,0,0,0,0,0.12000001128525,0,1122881.6399999997,0,0,0.12000001128525,0,0,0,0,0,0,153120.2400000002,0,0,0,0,153120.2400000002,139084.2193200002,0.011,0.10900001128525
Cenário 2,Shampoo,Saída,ES,2002,SP,1264373.1000000013,0,0,0,0,0,151724.74999999997,0,0,0,0,0,0,0.11999998260007258,0,1112648.3500000013,0,0,0.11999998260007258,0,0,0,0,0,0,151724.74999999997,0,0,0,0,151724.74999999997,137816.64589999994,0.011,0.10899998260007258
Cenário 2,Não Shampoo,Saída,ES,2002,PE,1209971.840000004,0,0,0,0,0,145196.72000000015,0,0,0,0,0,0,0.12000008198537881,0,1064775.1200000038,0,0,0.12000008198537881,0,0,0,0,0,0,145196.72000000015,0,0,0,0,145196.72000000015,131887.0297600001,0.011,0.10900008198537882
Cenário 2,Shampoo,Saída,ES,2002,RO,1285933.3499999978,0,0,0,0,0,144590.29999999804,0,0,0,0,0,0,0.1124399643262991,0,1141343.0499999998,0,0,0.1124399643262991,0,0,0,0,0,0,144590.29999999804,0,0,0,0,144590.29999999804,130445.03314999807,0.011,0.1014399643262991
Cenário 2,Shampoo,Saída,ES,2002,PB,1147028.2000000018,0,0,0,0,0,137643.42000000077,0,0,0,0,0,0,0.12000003138545377,0,1009384.7800000011,0,0,0.12000003138545377,0,0,0,0,0,0,137643.42000000077,0,0,0,0,137643.42000000077,125026.10980000075,0.011,0.10900003138545378
Cenário 2,Não Shampoo,Saída,ES,2002,BA,1057583.6300000018,0,0,0,0,0,126910.26999999957,0,0,0,0,0,0,0.12000022163731804,0,930673.3600000022,0,0,0.12000022163731804,0,0,0,0,0,0,126910.26999999957,0,0,0,0,126910.26999999957,115276.85006999955,0.011,0.10900022163731804
Cenário 2,Shampoo,Saída,ES,2002,MS,1052271.2400000014,0,0,0,0,0,126272.45000000024,0,0,0,0,0,0,0.11999990610785873,0,925998.7900000012,0,0,0.11999990610785873,0,0,0,0,0,0,126272.45000000024,0,0,0,0,126272.45000000024,114697.46636000022,0.011,0.10899990610785873
Cenário 2,Shampoo,Saída,ES,2002,SE,972678.7800000007,0,0,0,0,0,116721.45999999998,0,0,0,0,0,0,0.12000000657976716,0,855957.3200000008,0,0,0.12000000657976716,0,0,0,0,0,0,116721.45999999998,0,0,0,0,116721.45999999998,106021.99341999997,0.011,0.10900000657976716
Cenário 2,Não Shampoo,Saída,ES,2002,SC,868191.5300000092,0,0,0,0,0,104183.1299999995,0,0,0,0,0,0,0.12000016862638407,0,764008.4000000097,0,0,0.12000016862638407,0,0,0,0,0,0,104183.1299999995,0,0,0,0,104183.1299999995,94633.02316999939,0.011,0.10900016862638408
Cenário 2,Não Shampoo,Saída,ES,2002,DF,812460.1100000027,0,0,0,0,0,97505.46999999988,0,0,0,0,0,0,0.1200126243736441,0,714954.6400000028,0,0,0.1200126243736441,0,0,0,0,0,0,97505.46999999988,0,0,0,0,97505.46999999988,88568.40878999986,0.011,0.1090126243736441
Cenário 2,Não Shampoo,Saída,ES,2002,PR,700252.9200000046,0,0,0,0,0,84030.34999999948,0,0,0,0,0,0,0.11999999942877629,0,616222.5700000051,0,0,0.11999999942877629,0,0,0,0,0,0,84030.34999999948,0,0,0,0,84030.34999999948,76327.56787999943,0.011,0.10899999942877629
Cenário 2,Shampoo,Saída,ES,2002,AL,655196.6300000004,0,0,0,0,0,78623.59999999983,0,0,0,0,0,0,0.12000000671554094,0,576573.0300000005,0,0,0.12000000671554094,0,0,0,0,0,0,78623.59999999983,0,0,0,0,78623.59999999983,71416.43706999983,0.011,0.10900000671554094
Cenário 2,Não Shampoo,Saída,ES,2002,GO,643639.7900000002,0,0,0,0,0,77236.94999999991,0,0,0,0,0,0,0.12000027220194061,0,566402.8400000002,0,0,0.12000027220194061,0,0,0,0,0,0,77236.94999999991,0,0,0,0,77236.94999999991,70156.91230999991,0.011,0.10900027220194061
Cenário 2,Não Shampoo,Saída,ES,2002,RS,611983.2400000029,0,0,0,0,0,73438.07000000015,0,0,0,0,0,0,0.12000013268337185,0,538545.1700000027,0,0,0.12000013268337185,0,0,0,0,0,0,73438.07000000015,0,0,0,0,73438.07000000015,66706.25436000012,0.011,0.10900013268337186
Cenário 2,Shampoo,Saída,ES,2002,RN,524430.1700000006,0,0,0,0,0,62931.620000000104,0,0,0,0,0,0,0.11999999923726744,0,461498.5500000005,0,0,0.11999999923726744,0,0,0,0,0,0,62931.620000000104,0,0,0,0,62931.620000000104,57162.888130000094,0.011,0.10899999923726744
Cenário 2,Não Shampoo,Saída,ES,2002,PA,432154.619999999,0,0,0,0,0,51858.83000000005,0,0,0,0,0,0,0.12000063773470748,0,380295.78999999893,0,0,0.12000063773470748,0,0,0,0,0,0,51858.83000000005,0,0,0,0,51858.83000000005,47105.12918000006,0.011,0.10900063773470749
Cenário 2,Shampoo,Saída,ES,2002,AC,475686.78999999975,0,0,0,0,0,49687.06000000004,0,0,0,0,0,0,0.10445331054915372,0,425999.7299999997,0,0,0.10445331054915372,0,0,0,0,0,0,49687.06000000004,0,0,0,0,49687.06000000004,44454.505310000044,0.011,0.09345331054915372
Cenário 2,Não Shampoo,Saída,ES,2002,ES,672259.1900000029,0,0,0,0,0,47272.189999999806,0,0,0,0,0,0,0.07031839906866814,0,624987.000000003,0,0,0.07031839906866814,0,0,0,0,0,0,47272.1899999998,0,0,0,0,47272.1899999998,0,0.07031839906866814,0
Cenário 2,Não Shampoo,Saída,ES,2002,MA,358193.08,0,0,0,0,0,42983.34999999999,0,0,0,0,0,0,0.12000050363898708,0,315209.73000000004,0,0,0.12000050363898708,0,0,0,0,0,0,42983.34999999999,0,0,0,0,42983.34999999999,39043.22611999999,0.011,0.10900050363898708
Cenário 2,Não Shampoo,Saída,ES,2002,RO,348092.53,0,0,0,0,0,38880.74999999988,0,0,0,0,0,0,0.1116965940061968,0,309211.78000000014,0,0,0.1116965940061968,0,0,0,0,0,0,38880.74999999988,0,0,0,0,38880.74999999988,35051.73216999989,0.011,0.10069659400619681
Cenário 2,Shampoo,Saída,ES,2002,PI,261558.18000000025,0,0,0,0,0,31386.94999999997,0,0,0,0,0,0,0.11999987918557906,0,230171.23000000027,0,0,0.11999987918557906,0,0,0,0,0,0,31386.94999999997,0,0,0,0,31386.94999999997,28509.810019999968,0.011,0.10899987918557906
Cenário 2,Não Shampoo,Saída,ES,2002,MT,260306.4499999997,0,0,0,0,0,31236.849999999966,0,0,0,0,0,0,0.12000029196356833,0,229069.59999999971,0,0,0.12000029196356833,0,0,0,0,0,0,31236.849999999966,0,0,0,0,31236.849999999966,28373.47904999997,0.011,0.10900029196356834
Cenário 2,Não Shampoo,Saída,ES,2002,PB,223559.11999999965,0,0,0,0,0,26827.080000000034,0,0,0,0,0,0,0.11999993558750847,0,196732.0399999996,0,0,0.11999993558750847,0,0,0,0,0,0,26827.080000000034,0,0,0,0,26827.080000000034,24367.929680000037,0.011,0.10899993558750848
Cenário 2,Não Shampoo,Saída,ES,2002,SE,160628.34000000005,0,0,0,0,0,19275.410000000003,0,0,0,0,0,0,0.12000005727507361,0,141352.93000000005,0,0,0.12000005727507361,0,0,0,0,0,0,19275.410000000003,0,0,0,0,19275.410000000003,17508.498260000004,0.011,0.10900005727507361
Cenário 2,Não Shampoo,Saída,ES,2002,MS,153801.40999999986,0,0,0,0,0,18456.21,0,0,0,0,0,0,0.12000026527715199,0,135345.19999999987,0,0,0.12000026527715199,0,0,0,0,0,0,18456.21,0,0,0,0,18456.21,16764.394490000002,0.011,0.109000265277152
Cenário 2,Não Shampoo,Saída,ES,2002,AL,117631.31999999999,0,0,0,0,0,14115.770000000002,0,0,0,0,0,0,0.1200000986131925,0,103515.54999999999,0,0,0.1200000986131925,0,0,0,0,0,0,14115.770000000002,0,0,0,0,14115.770000000002,12821.825480000003,0.011,0.1090000986131925
Cenário 2,Não Shampoo,Saída,ES,2002,RN,105728.11000000002,0,0,0,0,0,12687.38999999999,0,0,0,0,0,0,0.12000015889813966,0,93040.72000000003,0,0,0.12000015889813966,0,0,0,0,0,0,12687.38999999999,0,0,0,0,12687.38999999999,11524.38078999999,0.011,0.10900015889813966
Cenário 2,Não Shampoo,Saída,ES,2002,SP,100578.89999999998,0,0,0,0,0,12069.49,0,0,0,0,0,0,0.12000021873375034,0,88509.40999999997,0,0,0.12000021873375034,0,0,0,0,0,0,12069.49,0,0,0,0,12069.49,10963.1221,0.011,0.10900021873375035
Cenário 2,Não Shampoo,Saída,ES,2002,AC,99403.79999999993,0,0,0,0,0,10815.870000000003,0,0,0,0,0,0,0.10880740977709112,0,88587.92999999993,0,0,0.10880740977709112,0,0,0,0,0,0,10815.870000000003,0,0,0,0,10815.870000000003,9722.428200000004,0.011,0.09780740977709113
Cenário 2,Não Shampoo,Saída,ES,2002,PI,57580.05000000001,0,0,0,0,0,6909.650000000001,0,0,0,0,0,0,0.12000076415355665,0,50670.40000000001,0,0,0.12000076415355665,0,0,0,0,0,0,6909.650000000001,0,0,0,0,6909.650000000001,6276.269450000001,0.011,0.10900076415355665
Cenário 2,Shampoo,Saída,ES,2002,AP,390461.5099999993,0,0,0,0,0,6246.199999999999,0,0,0,0,0,0,0.01599696728110284,0,384215.3099999993,0,0,0.01599696728110284,0,0,0,0,0,0,6246.199999999998,0,0,0,0,6246.199999999998,1951.123390000006,0.011,0.00499696728110284
Cenário 2,Shampoo,Saída,ES,2002,RJ,0,0,0,0,0,0,0,0,0,0,0,0,0,0,0,0,0,0,0,0,0,0,0,0,0,0,0,0,0,0,0,0,0,0
Cenário 2,Não Shampoo,Saída,ES,2002,RJ,0,0,0,0,0,0,0,0,0,0,0,0,0,0,0,0,0,0,0,0,0,0,0,0,0,0,0,0,0,0,0,0,0,0
Cenário 2,Não Shampoo,Saída,ES,2002,AP,64086.71000000002,0,0,0,0,0,689.81,0,0,0,0,0,0,0.010763698120874042,0,63396.90000000002,0,0,0.010763698120874042,0,0,0,0,0,0,689.81,0,0,0,0,689.81,-15.143810000000371,0.011,-0.00023630187912595732
Cenário 2,Não Shampoo,Saída,ES,2002,RR,41154.17000000001,0,0,0,0,0,391.0899999999999,0,0,0,0,0,0,0.009503046714342673,0,40763.080000000016,0,0,0.009503046714342673,0,0,0,0,0,0,391.0899999999999,0,0,0,0,391.0899999999999,-61.60587000000021,0.011,-0.0014969532856573264
Cenário 2,Shampoo,Saída,ES,2002,RR,241163.96999999994,0,0,0,0,0,2576.010000000001,0,0,0,0,0,0,0.01068157071721784,0,238587.95999999993,0,0,0.01068157071721784,0,0,0,0,0,0,2576.010000000001,0,0,0,0,2576.010000000001,-76.7936699999982,0.011,-0.0003184292827821591
Cenário 2,Não Shampoo,Saída,ES,2002,AM,153093.32999999993,0,0,0,0,0,1177.4299999999998,0,0,0,0,0,0,0.00769092944806936,0,151915.89999999994,0,0,0.00769092944806936,0,0,0,0,0,0,1177.4299999999998,0,0,0,0,1177.4299999999998,-506.5966299999993,0.011,-0.003309070551930639
Cenário 2,Shampoo,Saída,ES,2002,AM,714522.2099999958,0,0,0,0,0,4428.01,0,0,0,0,0,0,0.0061971621567928955,0,710094.1999999958,0,0,0.0061971621567928955,0,0,0,0,0,0,4428.01,0,0,0,0,4428.01,-3431.7343099999525,0.011,-0.004802837843207104
Cenário 2,Shampoo,Saída,RJ,2001,RS,342288.6099999999,0,129815.22000000077,0,0,0,41074.66000000036,12658.469999999845,0,0.37925661622220147,0,0,0,0.12000007829650063,0.0369818615933491,171398.7299999988,0,0,0.11999994409209024,0,0,0,0,0,0,41074.61406335927,0,0,0,0,41074.61406335927,37309.439353359274,0.011,0.10899994409209024
Cenário 2,Não Shampoo,Saída,RJ,2001,RS,49763.99000000002,0,17195.30000000001,0,0,0,5971.67999999999,1716.1400000000044,0,0.34553700376517243,0,0,0,0.12000002411382182,0.034485578829189616,26597.01000000002,0,0,0.12000013268337185,0,0,0,0,0,0,5971.685402853993,0,0,0,0,5971.685402853993,5424.281512853992,0.011,0.10900013268337186
Cenário 2,Shampoo,Saída,RJ,2001,MG,7661.280000000001,0,0,0,0,0,0,0,0,0,0,0,0,0,0,7661.280000000001,0,0,0.12000000028655763,0,0,0,0,0,0,919.3536021953984,0,0,0,0,919.3536021953984,835.0795221953983,0.011,0.10900000028655764
Cenário 2,Shampoo,Saída,RJ,2001,SP,4968.24,0,0,0,0,0,596.19,0,0,0,0,0,0,0.12000024153422542,0,4372.049999999999,0,0,0.11999998260007258,0,0,0,0,0,0,596.1887135529846,0,0,0,0,596.1887135529846,541.5380735529847,0.011,0.10899998260007258
Cenário 2,Não Shampoo,Saída,RJ,2001,SP,316.56,0,0,0,0,0,37.99,0,0,0,0,0,0,0.1200088450846601,0,278.57,0,0,0.12000021873375034,0,0,0,0,0,0,37.98726924235601,0,0,0,0,37.98726924235601,34.505109242356006,0.011,0.10900021873375035
Cenário 2,Shampoo,Saída,RJ,2001,RJ,46582466.15999457,0,0,0,0,0,0,0,0,0,0,0,0,0,0,46582466.15999457,0,0,0,0,0,0,0,0,0,0,0,0,0,0,0,0,0,0
Cenário 2,Não Shampoo,Saída,RJ,2001,RJ,8031735.779999973,0,0,0,0,0,0,0,0,0,0,0,0,0,0,8031735.779999973,0,0,0,0,0,0,0,0,0,0,0,0,0,0,0,0,0,0
Cenário 2,Shampoo,Saída,RJ,2001,ES,3.2199999999999998,0,0,0,0,0,3.2199999999999998,0,0,0,0,0,0,1,0,0,0,0,0.07015439403977271,0,0,0,0,0,0,0.2258971488080681,0,0,0,0,0.2258971488080681,0,0.07015439403977271,0
Cenário 2,Shampoo,Saída,RJ,2001,SC,0,0,0,0,0,0,0,0,0,0,0,0,0,0,0,0,0,0,0.11999993089826554,0,0,0,0,0,0,0,0,0,0,0,0,0,0.011,0.10899993089826554
Cenário 2,Shampoo,Saída,RJ,2001,RO,0,0,0,0,0,0,0,0,0,0,0,0,0,0,0,0,0,0,0.1124399643262991,0,0,0,0,0,0,0,0,0,0,0,0,0,0.011,0.1014399643262991
Cenário 2,Shampoo,Saída,RJ,2001,SE,0,0,0,0,0,0,0,0,0,0,0,0,0,0,0,0,0,0,0.12000000657976716,0,0,0,0,0,0,0,0,0,0,0,0,0,0.011,0.10900000657976716
Cenário 2,Shampoo,Saída,RJ,2001,RR,0,0,0,0,0,0,0,0,0,0,0,0,0,0,0,0,0,0,0.01068157071721784,0,0,0,0,0,0,0,0,0,0,0,0,0,0.011,-0.0003184292827821591
Cenário 2,Shampoo,Saída,RJ,2001,AC,0,0,0,0,0,0,0,0,0,0,0,0,0,0,0,0,0,0,0.10445331054915372,0,0,0,0,0,0,0,0,0,0,0,0,0,0.011,0.09345331054915372
Cenário 2,Shampoo,Saída,RJ,2001,AP,0,0,0,0,0,0,0,0,0,0,0,0,0,0,0,0,0,0,0.01599696728110284,0,0,0,0,0,0,0,0,0,0,0,0,0,0.011,0.00499696728110284
Cenário 2,Shampoo,Saída,RJ,2001,BA,0,0,0,0,0,0,0,0,0,0,0,0,0,0,0,0,0,0,0.11999997505708229,0,0,0,0,0,0,0,0,0,0,0,0,0,0.011,0.1089999750570823
Cenário 2,Shampoo,Saída,RJ,2001,GO,0,0,0,0,0,0,0,0,0,0,0,0,0,0,0,0,0,0,0.11999993319948996,0,0,0,0,0,0,0,0,0,0,0,0,0,0.011,0.10899993319948996
Cenário 2,Shampoo,Saída,RJ,2001,MA,0,0,0,0,0,0,0,0,0,0,0,0,0,0,0,0,0,0,0.1199998794035365,0,0,0,0,0,0,0,0,0,0,0,0,0,0.011,0.1089998794035365
Cenário 2,Shampoo,Saída,RJ,2001,MT,0,0,0,0,0,0,0,0,0,0,0,0,0,0,0,0,0,0,0.11999994989851229,0,0,0,0,0,0,0,0,0,0,0,0,0,0.011,0.10899994989851229
Cenário 2,Shampoo,Saída,RJ,2001,PB,0,0,0,0,0,0,0,0,0,0,0,0,0,0,0,0,0,0,0.12000003138545377,0,0,0,0,0,0,0,0,0,0,0,0,0,0.011,0.10900003138545378
Cenário 2,Shampoo,Saída,RJ,2001,AM,0,0,0,0,0,0,0,0,0,0,0,0,0,0,0,0,0,0,0.0061971621567928955,0,0,0,0,0,0,0,0,0,0,0,0,0,0.011,-0.004802837843207104
Cenário 2,Shampoo,Saída,RJ,2001,RN,0,0,0,0,0,0,0,0,0,0,0,0,0,0,0,0,0,0,0.11999999923726744,0,0,0,0,0,0,0,0,0,0,0,0,0,0.011,0.10899999923726744
Cenário 2,Não Shampoo,Saída,RJ,2001,MG,0,0,0,0,0,0,0,0,0,0,0,0,0,0,0,0,0,0,0.12000000831074628,0,0,0,0,0,0,0,0,0,0,0,0,0,0.011,0.10900000831074629
Cenário 2,Não Shampoo,Saída,RJ,2001,ES,0,0,0,0,0,0,0,0,0,0,0,0,0,0,0,0,0,0,0.07031839906866814,0,0,0,0,0,0,0,0,0,0,0,0,0,0.07031839906866814,0
Cenário 2,Shampoo,Saída,RJ,2001,PE,0,0,0,0,0,0,0,0,0,0,0,0,0,0,0,0,0,0,0.11999998138482286,0,0,0,0,0,0,0,0,0,0,0,0,0,0.011,0.10899998138482286
Cenário 2,Não Shampoo,Saída,RJ,2001,PE,0,0,0,0,0,0,0,0,0,0,0,0,0,0,0,0,0,0,0.12000008198537881,0,0,0,0,0,0,0,0,0,0,0,0,0,0.011,0.10900008198537882
Cenário 2,Shampoo,Saída,RJ,2001,AL,0,0,0,0,0,0,0,0,0,0,0,0,0,0,0,0,0,0,0.12000000671554094,0,0,0,0,0,0,0,0,0,0,0,0,0,0.011,0.10900000671554094
Cenário 2,Shampoo,Saída,RJ,2001,CE,0,0,0,0,0,0,0,0,0,0,0,0,0,0,0,0,0,0,0.11999999710934404,0,0,0,0,0,0,0,0,0,0,0,0,0,0.011,0.10899999710934405
Cenário 2,Shampoo,Saída,RJ,2001,DF,0,0,0,0,0,0,0,0,0,0,0,0,0,0,0,0,0,0,0.1200050966565934,0,0,0,0,0,0,0,0,0,0,0,0,0,0.011,0.1090050966565934
Cenário 2,Shampoo,Saída,RJ,2001,MS,0,0,0,0,0,0,0,0,0,0,0,0,0,0,0,0,0,0,0.11999990610785873,0,0,0,0,0,0,0,0,0,0,0,0,0,0.011,0.10899990610785873
Cenário 2,Shampoo,Saída,RJ,2001,PA,0,0,0,0,0,0,0,0,0,0,0,0,0,0,0,0,0,0,0.11999989392572959,0,0,0,0,0,0,0,0,0,0,0,0,0,0.011,0.10899989392572959
Cenário 2,Shampoo,Saída,RJ,2001,PI,0,0,0,0,0,0,0,0,0,0,0,0,0,0,0,0,0,0,0.11999987918557906,0,0,0,0,0,0,0,0,0,0,0,0,0,0.011,0.10899987918557906
Cenário 2,Shampoo,Saída,RJ,2001,PR,0,0,0,0,0,0,0,0,0,0,0,0,0,0,0,0,0,0,0.11999997905505759,0,0,0,0,0,0,0,0,0,0,0,0,0,0.011,0.1089999790550576
Cenário 2,Não Shampoo,Saída,RJ,2001,AC,0,0,0,0,0,0,0,0,0,0,0,0,0,0,0,0,0,0,0.10880740977709112,0,0,0,0,0,0,0,0,0,0,0,0,0,0.011,0.09780740977709113
Cenário 2,Não Shampoo,Saída,RJ,2001,AL,0,0,0,0,0,0,0,0,0,0,0,0,0,0,0,0,0,0,0.1200000986131925,0,0,0,0,0,0,0,0,0,0,0,0,0,0.011,0.1090000986131925
Cenário 2,Não Shampoo,Saída,RJ,2001,AM,0,0,0,0,0,0,0,0,0,0,0,0,0,0,0,0,0,0,0.00769092944806936,0,0,0,0,0,0,0,0,0,0,0,0,0,0.011,-0.003309070551930639
Cenário 2,Não Shampoo,Saída,RJ,2001,AP,0,0,0,0,0,0,0,0,0,0,0,0,0,0,0,0,0,0,0.010763698120874042,0,0,0,0,0,0,0,0,0,0,0,0,0,0.011,-0.00023630187912595732
Cenário 2,Não Shampoo,Saída,RJ,2001,BA,0,0,0,0,0,0,0,0,0,0,0,0,0,0,0,0,0,0,0.12000022163731804,0,0,0,0,0,0,0,0,0,0,0,0,0,0.011,0.10900022163731804
Cenário 2,Não Shampoo,Saída,RJ,2001,CE,0,0,0,0,0,0,0,0,0,0,0,0,0,0,0,0,0,0,0.12000001128525,0,0,0,0,0,0,0,0,0,0,0,0,0,0.011,0.10900001128525
Cenário 2,Não Shampoo,Saída,RJ,2001,DF,0,0,0,0,0,0,0,0,0,0,0,0,0,0,0,0,0,0,0.1200126243736441,0,0,0,0,0,0,0,0,0,0,0,0,0,0.011,0.1090126243736441
Cenário 2,Não Shampoo,Saída,RJ,2001,GO,0,0,0,0,0,0,0,0,0,0,0,0,0,0,0,0,0,0,0.12000027220194061,0,0,0,0,0,0,0,0,0,0,0,0,0,0.011,0.10900027220194061
Cenário 2,Não Shampoo,Saída,RJ,2001,MA,0,0,0,0,0,0,0,0,0,0,0,0,0,0,0,0,0,0,0.12000050363898708,0,0,0,0,0,0,0,0,0,0,0,0,0,0.011,0.10900050363898708
Cenário 2,Não Shampoo,Saída,RJ,2001,MS,0,0,0,0,0,0,0,0,0,0,0,0,0,0,0,0,0,0,0.12000026527715199,0,0,0,0,0,0,0,0,0,0,0,0,0,0.011,0.109000265277152
Cenário 2,Não Shampoo,Saída,RJ,2001,MT,0,0,0,0,0,0,0,0,0,0,0,0,0,0,0,0,0,0,0.12000029196356833,0,0,0,0,0,0,0,0,0,0,0,0,0,0.011,0.10900029196356834
Cenário 2,Não Shampoo,Saída,RJ,2001,PA,0,0,0,0,0,0,0,0,0,0,0,0,0,0,0,0,0,0,0.12000063773470748,0,0,0,0,0,0,0,0,0,0,0,0,0,0.011,0.10900063773470749
Cenário 2,Não Shampoo,Saída,RJ,2001,PB,0,0,0,0,0,0,0,0,0,0,0,0,0,0,0,0,0,0,0.11999993558750847,0,0,0,0,0,0,0,0,0,0,0,0,0,0.011,0.10899993558750848
Cenário 2,Não Shampoo,Saída,RJ,2001,PI,0,0,0,0,0,0,0,0,0,0,0,0,0,0,0,0,0,0,0.12000076415355665,0,0,0,0,0,0,0,0,0,0,0,0,0,0.011,0.10900076415355665
Cenário 2,Não Shampoo,Saída,RJ,2001,PR,0,0,0,0,0,0,0,0,0,0,0,0,0,0,0,0,0,0,0.11999999942877629,0,0,0,0,0,0,0,0,0,0,0,0,0,0.011,0.10899999942877629
Cenário 2,Não Shampoo,Saída,RJ,2001,RN,0,0,0,0,0,0,0,0,0,0,0,0,0,0,0,0,0,0,0.12000015889813966,0,0,0,0,0,0,0,0,0,0,0,0,0,0.011,0.10900015889813966
Cenário 2,Não Shampoo,Saída,RJ,2001,RO,0,0,0,0,0,0,0,0,0,0,0,0,0,0,0,0,0,0,0.1116965940061968,0,0,0,0,0,0,0,0,0,0,0,0,0,0.011,0.10069659400619681
Cenário 2,Não Shampoo,Saída,RJ,2001,RR,0,0,0,0,0,0,0,0,0,0,0,0,0,0,0,0,0,0,0.009503046714342673,0,0,0,0,0,0,0,0,0,0,0,0,0,0.011,-0.0014969532856573264
Cenário 2,Não Shampoo,Saída,RJ,2001,SC,0,0,0,0,0,0,0,0,0,0,0,0,0,0,0,0,0,0,0.12000016862638407,0,0,0,0,0,0,0,0,0,0,0,0,0,0.011,0.10900016862638408
Cenário 2,Não Shampoo,Saída,RJ,2001,SE,0,0,0,0,0,0,0,0,0,0,0,0,0,0,0,0,0,0,0.12000005727507361,0,0,0,0,0,0,0,0,0,0,0,0,0,0.011,0.10900005727507361
Cenário 2,Shampoo,Saída,RJ,1001,ES,6615004.409999994,0,0,0,0,360729.9600000007,463050.33000000025,0,0,0,0,0,0.05453208155911132,0.0700000032199526,0,5791224.119999993,0,0,0.07015439403977271,0,0,0,0,0,0,464071.62595397374,0,0,0,0,464071.62595397374,0,0.07015439403977271,0
Cenário 2,Shampoo,Saída,RJ,1001,RJ,5486604.409999999,0,132839.7299999999,0,0,298476.99000000104,736648.6200000002,70897.01999999999,0,0.02421164714516021,0,0,0.054401040734045024,0.13426311885314152,0.012921839210930099,4318639.069999998,0,0,0,0,0,0,0,0,0,0,0,0,0,0,0,0,0,0
Cenário 2,Shampoo,Saída,RJ,1001,EX,5032923.189999998,0,0,0,0,0,0,0,0,0,0,0,0,0,0,5032923.189999998,0,0,0,0,0,0,0,0,0,0,0,0,0,0,0,0,0,0
Cenário 2,Não Shampoo,Saída,RJ,1001,RJ,1805902.9800000016,0,41043.33999999999,0,0,57665.21999999991,289107.93999999954,29472.129999999936,0,0.02272732281553683,0,0,0.03193151605519797,0.16009051604754496,0.01631988557879223,1418086.4800000023,0,0,0,0,0,0,0,0,0,0,0,0,0,0,0,0,0,0
Cenário 2,Não Shampoo,Saída,RJ,1001,ES,1683101.550000001,0,0,0,0,82935.58999999998,117817.16,0,0,0,0,0,0.0492754522149896,0.07000003059827253,0,1482348.800000001,0,0,0.07031839906866814,0,0,0,0,0,0,118353.00646599398,0,0,0,0,118353.00646599398,0,0.07031839906866814,0
Cenário 2,Shampoo,Saída,RJ,1001,MG,1324721.0200000007,0,523188.19999999966,0,0,74148.76999999993,158966.48,50529.95000000001,0,0.3949421743153131,0,0,0.055973121042496854,0.11999996799326089,0.03814384254278685,568417.5700000011,0,0,0.12000000028655763,0,0,0,0,0,0,158966.52277960902,0,0,0,0,158966.52277960902,144394.59155960902,0.011,0.10900000028655764
Cenário 2,Não Shampoo,Saída,RJ,1001,EX,831199.9599999993,0,0,0,0,0,0,0,0,0,0,0,0,0,0,831199.9599999993,0,0,0,0,0,0,0,0,0,0,0,0,0,0,0,0,0,0
Cenário 2,Não Shampoo,Saída,RJ,1001,SP,797119.0300000003,0,41782.170000000006,0,0,7585.010000000001,95654.28,0,0,0.05241647536629503,0,0,0.009515529945383438,0.11999999548373594,0,652097.5700000003,0,0,0.12000021873375034,0,0,0,0,0,0,95654.45795683493,0,0,0,0,95654.45795683493,86886.14862683493,0.011,0.10900021873375035
Cenário 2,Não Shampoo,Saída,RJ,1001,MG,282940.75000000006,0,87072.24999999996,0,0,13383.329999999996,33952.88000000001,2451.58,0,0.30774022476437185,0,0,0.047300821815167995,0.1199999646569114,0.008664640918637558,148532.2900000001,0,0,0.12000000831074628,0,0,0,0,0,0,33952.89235144879,0,0,0,0,33952.89235144879,30840.54410144879,0.011,0.10900000831074629
Cenário 2,Shampoo,Saída,RJ,1001,SP,0,0,0,0,0,0,0,0,0,0,0,0,0,0,0,0,0,0,0.11999998260007258,0,0,0,0,0,0,0,0,0,0,0,0,0,0.011,0.10899998260007258
Cenário 2,Shampoo,Saída,RJ,1001,SC,0,0,0,0,0,0,0,0,0,0,0,0,0,0,0,0,0,0,0.11999993089826554,0,0,0,0,0,0,0,0,0,0,0,0,0,0.011,0.10899993089826554
Cenário 2,Não Shampoo,Saída,RJ,1001,SC,0,0,0,0,0,0,0,0,0,0,0,0,0,0,0,0,0,0,0.12000016862638407,0,0,0,0,0,0,0,0,0,0,0,0,0,0.011,0.10900016862638408
Cenário 2,Shampoo,Saída,RJ,1001,PR,0,0,0,0,0,0,0,0,0,0,0,0,0,0,0,0,0,0,0.11999997905505759,0,0,0,0,0,0,0,0,0,0,0,0,0,0.011,0.1089999790550576
Cenário 2,Não Shampoo,Saída,RJ,1001,PR,0,0,0,0,0,0,0,0,0,0,0,0,0,0,0,0,0,0,0.11999999942877629,0,0,0,0,0,0,0,0,0,0,0,0,0,0.011,0.10899999942877629
Cenário 2,Shampoo,Saída,RJ,1001,MT,0,0,0,0,0,0,0,0,0,0,0,0,0,0,0,0,0,0,0.11999994989851229,0,0,0,0,0,0,0,0,0,0,0,0,0,0.011,0.10899994989851229
Cenário 2,Não Shampoo,Saída,RJ,1001,MT,0,0,0,0,0,0,0,0,0,0,0,0,0,0,0,0,0,0,0.12000029196356833,0,0,0,0,0,0,0,0,0,0,0,0,0,0.011,0.10900029196356834
Cenário 2,Shampoo,Saída,RJ,1001,BA,0,0,0,0,0,0,0,0,0,0,0,0,0,0,0,0,0,0,0.11999997505708229,0,0,0,0,0,0,0,0,0,0,0,0,0,0.011,0.1089999750570823
Cenário 2,Não Shampoo,Saída,RJ,1001,BA,0,0,0,0,0,0,0,0,0,0,0,0,0,0,0,0,0,0,0.12000022163731804,0,0,0,0,0,0,0,0,0,0,0,0,0,0.011,0.10900022163731804
Cenário 2,Shampoo,Saída,RJ,1001,CE,0,0,0,0,0,0,0,0,0,0,0,0,0,0,0,0,0,0,0.11999999710934404,0,0,0,0,0,0,0,0,0,0,0,0,0,0.011,0.10899999710934405
Cenário 2,Não Shampoo,Saída,RJ,1001,CE,0,0,0,0,0,0,0,0,0,0,0,0,0,0,0,0,0,0,0.12000001128525,0,0,0,0,0,0,0,0,0,0,0,0,0,0.011,0.10900001128525
Cenário 2,Shampoo,Saída,RJ,1001,RS,0,0,0,0,0,0,0,0,0,0,0,0,0,0,0,0,0,0,0.11999994409209024,0,0,0,0,0,0,0,0,0,0,0,0,0,0.011,0.10899994409209024
Cenário 2,Não Shampoo,Saída,RJ,1001,RS,0,0,0,0,0,0,0,0,0,0,0,0,0,0,0,0,0,0,0.12000013268337185,0,0,0,0,0,0,0,0,0,0,0,0,0,0.011,0.10900013268337186
Cenário 2,Shampoo,Saída,RJ,1001,GO,0,0,0,0,0,0,0,0,0,0,0,0,0,0,0,0,0,0,0.11999993319948996,0,0,0,0,0,0,0,0,0,0,0,0,0,0.011,0.10899993319948996
Cenário 2,Não Shampoo,Saída,RJ,1001,GO,0,0,0,0,0,0,0,0,0,0,0,0,0,0,0,0,0,0,0.12000027220194061,0,0,0,0,0,0,0,0,0,0,0,0,0,0.011,0.10900027220194061
Cenário 2,Shampoo,Saída,RJ,1001,SE,0,0,0,0,0,0,0,0,0,0,0,0,0,0,0,0,0,0,0.12000000657976716,0,0,0,0,0,0,0,0,0,0,0,0,0,0.011,0.10900000657976716
Cenário 2,Não Shampoo,Saída,RJ,1001,SE,0,0,0,0,0,0,0,0,0,0,0,0,0,0,0,0,0,0,0.12000005727507361,0,0,0,0,0,0,0,0,0,0,0,0,0,0.011,0.10900005727507361
Cenário 2,Shampoo,Saída,RJ,1001,PE,0,0,0,0,0,0,0,0,0,0,0,0,0,0,0,0,0,0,0.11999998138482286,0,0,0,0,0,0,0,0,0,0,0,0,0,0.011,0.10899998138482286
Cenário 2,Não Shampoo,Saída,RJ,1001,PE,0,0,0,0,0,0,0,0,0,0,0,0,0,0,0,0,0,0,0.12000008198537881,0,0,0,0,0,0,0,0,0,0,0,0,0,0.011,0.10900008198537882
Cenário 2,Shampoo,Saída,RJ,1001,PA,0,0,0,0,0,0,0,0,0,0,0,0,0,0,0,0,0,0,0.11999989392572959,0,0,0,0,0,0,0,0,0,0,0,0,0,0.011,0.10899989392572959
Cenário 2,Não Shampoo,Saída,RJ,1001,PA,0,0,0,0,0,0,0,0,0,0,0,0,0,0,0,0,0,0,0.12000063773470748,0,0,0,0,0,0,0,0,0,0,0,0,0,0.011,0.10900063773470749
Cenário 2,Shampoo,Saída,RJ,1001,AC,0,0,0,0,0,0,0,0,0,0,0,0,0,0,0,0,0,0,0.10445331054915372,0,0,0,0,0,0,0,0,0,0,0,0,0,0.011,0.09345331054915372
Cenário 2,Shampoo,Saída,RJ,1001,AL,0,0,0,0,0,0,0,0,0,0,0,0,0,0,0,0,0,0,0.12000000671554094,0,0,0,0,0,0,0,0,0,0,0,0,0,0.011,0.10900000671554094
Cenário 2,Shampoo,Saída,RJ,1001,AM,0,0,0,0,0,0,0,0,0,0,0,0,0,0,0,0,0,0,0.0061971621567928955,0,0,0,0,0,0,0,0,0,0,0,0,0,0.011,-0.004802837843207104
Cenário 2,Shampoo,Saída,RJ,1001,AP,0,0,0,0,0,0,0,0,0,0,0,0,0,0,0,0,0,0,0.01599696728110284,0,0,0,0,0,0,0,0,0,0,0,0,0,0.011,0.00499696728110284
Cenário 2,Shampoo,Saída,RJ,1001,DF,0,0,0,0,0,0,0,0,0,0,0,0,0,0,0,0,0,0,0.1200050966565934,0,0,0,0,0,0,0,0,0,0,0,0,0,0.011,0.1090050966565934
Cenário 2,Shampoo,Saída,RJ,1001,MA,0,0,0,0,0,0,0,0,0,0,0,0,0,0,0,0,0,0,0.1199998794035365,0,0,0,0,0,0,0,0,0,0,0,0,0,0.011,0.1089998794035365
Cenário 2,Shampoo,Saída,RJ,1001,MS,0,0,0,0,0,0,0,0,0,0,0,0,0,0,0,0,0,0,0.11999990610785873,0,0,0,0,0,0,0,0,0,0,0,0,0,0.011,0.10899990610785873
Cenário 2,Shampoo,Saída,RJ,1001,PB,0,0,0,0,0,0,0,0,0,0,0,0,0,0,0,0,0,0,0.12000003138545377,0,0,0,0,0,0,0,0,0,0,0,0,0,0.011,0.10900003138545378
Cenário 2,Shampoo,Saída,RJ,1001,PI,0,0,0,0,0,0,0,0,0,0,0,0,0,0,0,0,0,0,0.11999987918557906,0,0,0,0,0,0,0,0,0,0,0,0,0,0.011,0.10899987918557906
Cenário 2,Shampoo,Saída,RJ,1001,RN,0,0,0,0,0,0,0,0,0,0,0,0,0,0,0,0,0,0,0.11999999923726744,0,0,0,0,0,0,0,0,0,0,0,0,0,0.011,0.10899999923726744
Cenário 2,Shampoo,Saída,RJ,1001,RO,0,0,0,0,0,0,0,0,0,0,0,0,0,0,0,0,0,0,0.1124399643262991,0,0,0,0,0,0,0,0,0,0,0,0,0,0.011,0.1014399643262991
Cenário 2,Shampoo,Saída,RJ,1001,RR,0,0,0,0,0,0,0,0,0,0,0,0,0,0,0,0,0,0,0.01068157071721784,0,0,0,0,0,0,0,0,0,0,0,0,0,0.011,-0.0003184292827821591
Cenário 2,Não Shampoo,Saída,RJ,1001,AC,0,0,0,0,0,0,0,0,0,0,0,0,0,0,0,0,0,0,0.10880740977709112,0,0,0,0,0,0,0,0,0,0,0,0,0,0.011,0.09780740977709113
Cenário 2,Não Shampoo,Saída,RJ,1001,AL,0,0,0,0,0,0,0,0,0,0,0,0,0,0,0,0,0,0,0.1200000986131925,0,0,0,0,0,0,0,0,0,0,0,0,0,0.011,0.1090000986131925
Cenário 2,Não Shampoo,Saída,RJ,1001,AM,0,0,0,0,0,0,0,0,0,0,0,0,0,0,0,0,0,0,0.00769092944806936,0,0,0,0,0,0,0,0,0,0,0,0,0,0.011,-0.003309070551930639
Cenário 2,Não Shampoo,Saída,RJ,1001,AP,0,0,0,0,0,0,0,0,0,0,0,0,0,0,0,0,0,0,0.010763698120874042,0,0,0,0,0,0,0,0,0,0,0,0,0,0.011,-0.00023630187912595732
Cenário 2,Não Shampoo,Saída,RJ,1001,DF,0,0,0,0,0,0,0,0,0,0,0,0,0,0,0,0,0,0,0.1200126243736441,0,0,0,0,0,0,0,0,0,0,0,0,0,0.011,0.1090126243736441
Cenário 2,Não Shampoo,Saída,RJ,1001,MA,0,0,0,0,0,0,0,0,0,0,0,0,0,0,0,0,0,0,0.12000050363898708,0,0,0,0,0,0,0,0,0,0,0,0,0,0.011,0.10900050363898708
Cenário 2,Não Shampoo,Saída,RJ,1001,MS,0,0,0,0,0,0,0,0,0,0,0,0,0,0,0,0,0,0,0.12000026527715199,0,0,0,0,0,0,0,0,0,0,0,0,0,0.011,0.109000265277152
Cenário 2,Não Shampoo,Saída,RJ,1001,PB,0,0,0,0,0,0,0,0,0,0,0,0,0,0,0,0,0,0,0.11999993558750847,0,0,0,0,0,0,0,0,0,0,0,0,0,0.011,0.10899993558750848
Cenário 2,Não Shampoo,Saída,RJ,1001,PI,0,0,0,0,0,0,0,0,0,0,0,0,0,0,0,0,0,0,0.12000076415355665,0,0,0,0,0,0,0,0,0,0,0,0,0,0.011,0.10900076415355665
Cenário 2,Não Shampoo,Saída,RJ,1001,RN,0,0,0,0,0,0,0,0,0,0,0,0,0,0,0,0,0,0,0.12000015889813966,0,0,0,0,0,0,0,0,0,0,0,0,0,0.011,0.10900015889813966
Cenário 2,Não Shampoo,Saída,RJ,1001,RO,0,0,0,0,0,0,0,0,0,0,0,0,0,0,0,0,0,0,0.1116965940061968,0,0,0,0,0,0,0,0,0,0,0,0,0,0.011,0.10069659400619681
Cenário 2,Não Shampoo,Saída,RJ,1001,RR,0,0,0,0,0,0,0,0,0,0,0,0,0,0,0,0,0,0,0.009503046714342673,0,0,0,0,0,0,0,0,0,0,0,0,0,0.011,-0.0014969532856573264
Cenário 2,Shampoo,Entrada,SP,Terceirista1,ES,15988471.390000004,0,0,312889.0399999998,1464889.7400000005,724226.3799999997,1042015.19,0,0,0,0.01956966569022329,0.09162162562433682,0.045296786811837894,0.06517290894060884,0,12444451.040000005,0,0,0.06517290894060884,0.045296786811837894,0.09162162562433682,0.01956966569022329,0,0,0,1042015.19,724226.3799999997,1464889.7400000005,312889.0399999998,0,3544020.3499999996,1766241.5699999996,0,0.11119129131456008
Cenário 2,Não Shampoo,Entrada,SP,Terceirista1,ES,15988471.390000004,0,0,312889.0399999998,1464889.7400000005,724226.3799999997,1042015.19,0,0,0,0.01956966569022329,0.09162162562433682,0.045296786811837894,0.06517290894060884,0,12444451.040000005,0,0,0.06517290894060884,0.045296786811837894,0.09162162562433682,0.01956966569022329,0,0,0,1042015.19,724226.3799999997,1464889.7400000005,312889.0399999998,0,3544020.3499999996,1766241.5699999996,0,0.11119129131456008
Cenário 2,Shampoo,Entrada,SP,Terceirista1,SP,15182335.440000007,0,0,222836.99999999983,1043282.6099999995,546428.5499999999,1381237.5200000007,0,0,0,0.014677386155815283,0.0687168725867645,0.03599107345239895,0.09097661723116296,0,11988549.760000007,0,0,0.06517290894060884,0.045296786811837894,0.09162162562433682,0.01956966569022329,0,0,0,989476.9651368989,687711.0117314914,1391030.2537867816,297113.2289576293,0,3365331.459612801,1677187.9768683903,0,0.11119129131456008
Cenário 2,Não Shampoo,Entrada,SP,Terceirista1,SP,15182335.440000007,0,0,222836.99999999983,1043282.6099999995,546428.5499999999,1381237.5200000007,0,0,0,0.014677386155815283,0.0687168725867645,0.03599107345239895,0.09097661723116296,0,11988549.760000007,0,0,0.06517290894060884,0.045296786811837894,0.09162162562433682,0.01956966569022329,0,0,0,989476.9651368989,687711.0117314914,1391030.2537867816,297113.2289576293,0,3365331.459612801,1677187.9768683903,0,0.11119129131456008
Cenário 2,Shampoo,Entrada,SP,Terceirista1,RJ,6299195.129999998,127622.14304311914,0,90148.80999999998,422022.7599999999,230315.7899999998,535085.4099999998,0,0.020260071391552396,0,0.014311163273965767,0.06699629893827404,0.03656273305507205,0.08494504439966444,0,5021622.3599999985,0,0,0.06517290894060884,0.045296786811837894,0.09162162562433682,0.01956966569022329,0,0,0,410536.87060661655,285333.2988897774,577142.4979355055,123273.14281158261,0,1396285.810243482,285333.2988897774,0,0.1763642002551689
Cenário 2,Não Shampoo,Entrada,SP,Terceirista1,RJ,6299195.129999998,127622.14304311914,0,90148.80999999998,422022.7599999999,230315.7899999998,535085.4099999998,0,0.020260071391552396,0,0.014311163273965767,0.06699629893827404,0.03656273305507205,0.08494504439966444,0,5021622.3599999985,0,0,0.06517290894060884,0.045296786811837894,0.09162162562433682,0.01956966569022329,0,0,0,410536.87060661655,285333.2988897774,577142.4979355055,123273.14281158261,0,1396285.810243482,285333.2988897774,0,0.1763642002551689
Cenário 2,Shampoo,Entrada,SP,Terceirista1,MG,0,0,0,0,0,0,0,0,0,0,0,0,0,0,0,0,0,0,0.06517290894060884,0.045296786811837894,0.09162162562433682,0.01956966569022329,0,0,0,0,0,0,0,0,0,0,0,0.11119129131456008
Cenário 2,Não Shampoo,Entrada,SP,Terceirista1,MG,0,0,0,0,0,0,0,0,0,0,0,0,0,0,0,0,0,0,0.06517290894060884,0.045296786811837894,0.09162162562433682,0.01956966569022329,0,0,0,0,0,0,0,0,0,0,0,0.11119129131456008
Cenário 2,Shampoo,Entrada,RJ,Terceirista2,ES,3510785.620000001,0,0,67224.47999999998,314732.69000000006,225132.23000000013,229995.78999999998,0,0,0,0.01914798773728598,0.08964736787317705,0.06412588359639004,0.0655112031591379,0,2673700.4300000006,0,0,0.0655112031591379,0.06412588359639004,0.08964736787317705,0.01914798773728598,0,0,0,229995.78999999998,225132.23000000013,314732.69000000006,67224.47999999998,0,837085.1900000002,455128.02000000014,0,0.10879535561046305
Cenário 2,Shampoo,Entrada,RJ,Terceirista2,MG,0,0,0,0,0,0,0,0,0,0,0,0,0,0,0,0,0,0,0.0655112031591379,0.06412588359639004,0.08964736787317705,0.01914798773728598,0,0,0,0,0,0,0,0,0,0,0,0.10879535561046305
Cenário 2,Shampoo,Entrada,RJ,Terceirista2,RJ,24041.21,487.07663093930336,4946.96,340.69,1595.0900000000001,819.34,2391.94,129.29,0.020260071391552396,0.20577000908024182,0.014171083734970079,0.06634815801700497,0.03408064735510401,0.09949332833081198,0.005377849118243216,13947.189999999999,0,0,0.0655112031591379,0.06412588359639004,0.08964736787317705,0.01914798773728598,0,0,0,1574.9685925014976,1541.6638339763683,2155.2311969863026,460.34079426951706,0,5732.204417733686,1541.6638339763683,0,0.17430655876960094
Cenário 2,Não Shampoo,Entrada,RJ,Terceirista2,ES,453517.5800000001,0,0,8875.15,41551.83,19737.009999999995,30364.629999999997,0,0,0,0.01956958316808799,0.09162121124389488,0.043519834446109,0.06695358975940909,0,352988.9600000001,0,0,0.06695358975940909,0.043519834446109,0.09162121124389488,0.01956958316808799,0,0,0,30364.629999999994,19737.009999999995,41551.83,8875.15,0,100528.61999999998,50101.639999999985,0,0.11119079441198287
Cenário 2,Não Shampoo,Entrada,RJ,Terceirista2,MG,0,0,0,0,0,0,0,0,0,0,0,0,0,0,0,0,0,0,0.06695358975940909,0.043519834446109,0.09162121124389488,0.01956958316808799,0,0,0,0,0,0,0,0,0,0,0,0.11119079441198287
Cenário 2,Não Shampoo,Entrada,RJ,Terceirista2,RJ,73081.79,1480.6422828224397,0,943.8000000000002,4347.19,160.2,14562.970000000001,1158.2300000000002,0.020260071391552396,0,0.0129142978025032,0.059483901530052834,0.0021920645348177704,0.19926947602131806,0.01584840765394499,53067.62999999999,0,0,0.06695358975940909,0.043519834446109,0.09162121124389488,0.01956958316808799,0,0,0,4893.088186543285,3180.507401825304,6695.842119671964,1430.180167477741,0,16199.617875518295,3180.507401825304,0,0.17814438417139197
Cenário 2,Shampoo,Entrada,RJ,Terceirista2,SP,3618782.76,0,0,50632.32,237051.3,180183.38000000015,307138.3899999999,0,0,0,0.013991533440377063,0.0655058111308124,0.04979115684744783,0.08487339814783464,0,2843777.3699999996,0,0,0.0655112031591379,0.06412588359639004,0.08964736787317705,0.01914798773728598,0,0,0,237070.81257914577,232057.64202838307,324414.349338831,69292.40791238191,0,862835.2118587417,469128.45460752887,0,0.10879535561046305
Cenário 2,Não Shampoo,Entrada,RJ,Terceirista2,SP,536242.58,0,0,8450.17,39562,19794.460000000006,50946.530000000006,0,0,0,0.01575811081619069,0.07377631220556936,0.036913256683197386,0.09500649873794059,0,417489.4199999999,0,0,0.06695358975940909,0.043519834446109,0.09162121124389488,0.01956958316808799,0,0,0,35903.3657128471,23337.18830455436,49131.1947001512,10494.043767580077,0,118865.79248513274,59240.55401740146,0,0.11119079441198287
